,Year,Category,Cat_Type,Winner,Winning_Artist,Winning_Album,GenderAwards,Decade
1033,1997,Rap/Hip-Hop Artist,Artist_No Gender,2 Pac Aka Tupac Shakur ,2 Pac Aka Tupac Shakur ,,,1990
1032,2001,Pop/Rock New Artist,Artist_No Gender,3 Doors Down ,3 Doors Down ,,,2000
1031,2014,New Artist Of The Year Presented by Kohl's,Artist_No Gender,5 Seconds Of Summer ,5 Seconds Of Summer ,,,2010
1030,2005,Rap/Hip-Hop Album,Album,50 Cent The Massacre ,50 Cent ,The Massacreâ ,,2000
1028,2002,Soul/R&B Album,Album,Aaliyah Aaliyah ,Aaliyah ,Aaliyahâ ,,2000
1029,2002,Soul/R&B Female,Female Artist,Aaliyah ,Aaliyah ,,Female,2000
1027,1995,Pop/Rock Group,Group,Ace Of Base ,Ace Of Base ,,,1990
1026,1995,Pop/Rock New Artist,Artist_No Gender,Ace Of Base ,Ace Of Base ,,,1990
1022,2011,Adult Contemporary Artist,Artist_No Gender,Adele,Adele,,,2010
1023,2012,Adult Contemporary Artist,Artist_No Gender,Adele,Adele,,,2010
1024,2016,"Favorite Artist - Adult Contemporary	",Artist_No Gender,Adele,Adele,,,2010
1025,2011,Pop/Rock Female,Female Artist,Adele,Adele,,Female,2010
1021,2011,Pop/Rock Album,Album,Adele 21 ,Adele ,21â ,,2010
1015,1991,Heavy Metal/Hard Rock Artist,Artist_No Gender,Aerosmith,Aerosmith,,,1990
1016,1994,Heavy Metal/Hard Rock Artist,Artist_No Gender,Aerosmith,Aerosmith,,,1990
1017,2001,International Artist Award,Artist_No Gender,Aerosmith,Aerosmith,,,2000
1018,1991,Pop/Rock Group,Group,Aerosmith,Aerosmith,,,1990
1019,1994,Pop/Rock Group,Group,Aerosmith,Aerosmith,,,1990
1020,1999,Pop/Rock Group,Group,Aerosmith,Aerosmith,,,1990
1014,1982,Pop/Rock Group,Group,Air Supply ,Air Supply ,,,1980
1013,2007,Soul/R&B Male,Male Artist,Akon ,Akon ,,Male,2000
1012,1989,Soul/R&B New Artist,Artist_No Gender,Al B Sure ,Al B Sure ,,,1980
1011,1974,Song of the Year,Album,Al Green IM Still In Love With You ,Al Green ,IâM Still In Love With Youâ ,,1970
1010,2003,Award Of Merit,Merit,Alabama,Alabama,,,2000
993,1983,Country Group,Group,Alabama,Alabama,,,1980
994,1984,Country Group,Group,Alabama,Alabama,,,1980
995,1985,Country Group,Group,Alabama,Alabama,,,1980
996,1986,Country Group,Group,Alabama,Alabama,,,1980
997,1987,Country Group,Group,Alabama,Alabama,,,1980
998,1988,Country Group,Group,Alabama,Alabama,,,1980
999,1989,Country Group,Group,Alabama,Alabama,,,1980
1000,1990,Country Group,Group,Alabama,Alabama,,,1990
1001,1991,Country Group,Group,Alabama,Alabama,,,1990
1002,1992,Country Group,Group,Alabama,Alabama,,,1990
1003,1993,Country Group,Group,Alabama,Alabama,,,1990
1004,1994,Country Group,Group,Alabama,Alabama,,,1990
1005,1995,Country Group,Group,Alabama,Alabama,,,1990
1006,1996,Country Group,Group,Alabama,Alabama,,,1990
1007,1998,Country Group,Group,Alabama,Alabama,,,1990
1008,1999,Country Group,Group,Alabama,Alabama,,,1990
1009,1987,Country Video Group,Group,Alabama,Alabama,,,1980
989,1984,Country Album,Album,Alabama The Closer You Get ,Alabama ,The Closer You Getâ ,,1980
992,1986,Country Album,Album,Alabama 40 Hour Week ,Alabama ,40 Hour Weekâ ,,1980
990,1987,Country Album,Album,Alabama Greatest Hits ,Alabama ,Greatest Hitsâ ,,1980
991,1984,Country Video,Video,Alabama Dixieland Delight ,Alabama ,Dixieland Delightâ ,,1980
988,1994,Country Album,Album,Alan Jackson A Lot About Livin' ,Alan Jackson ,A Lot About Livin'â ,,1990
987,1994,Country Single,Single,Alan Jackson Chattahoochee ,Alan Jackson ,Chattahoocheeâ ,,1990
985,1997,Pop/Rock Album,Album,Alanis Morissette Jagged Little Pill ,Alanis Morissette ,Jagged Little Pillâ ,,1990
986,1997,Pop/Rock Female,Female Artist,Alanis Morissette ,Alanis Morissette ,,Female,1990
980,2008,Pop/Rock Album,Album,Alicia Keys As I Am ,Alicia Keys ,As I Amâ ,,2000
982,2002,Pop/Rock New Artist,Artist_No Gender,Alicia Keys ,Alicia Keys ,,,2000
981,2008,Soul/R&B Album,Album,Alicia Keys As I Am ,Alicia Keys ,As I Amâ ,,2000
984,2004,Soul/R&B Female,Female Artist,Alicia Keys ,Alicia Keys ,,Female,2000
983,2002,Soul/R&B New Artist,Artist_No Gender,Alicia Keys ,Alicia Keys ,,,2000
979,1995,Soul/R&B New Artist,Artist_No Gender,All-4-One ,All-4-One ,,,1990
978,2008,Soundtrack Album,Album,Alvin & The Chipmunks ,Alvin & The Chipmunks ,,,2000
974,1988,Soul/R&B Album,Album,Anita Baker Rapture ,Anita Baker ,Raptureâ ,,1980
975,1988,Soul/R&B Female,Female Artist,Anita Baker ,Anita Baker ,,Female,1980
976,1990,Soul/R&B Female,Female Artist,Anita Baker ,Anita Baker ,,Female,1990
977,1995,Soul/R&B Female,Female Artist,Anita Baker ,Anita Baker ,,Female,1990
971,1982,Country Single (Tie),Single,Anne Murray Could I Have This Dance ,Anne Murray ,Could I Have This Danceâ ,,1980
972,1985,Country Single Video,Single,Anne Murray A Little Good News ,Anne Murray ,A Little Good Newsâ ,,1980
973,1985,Country Video Female,Female Artist,Anne Murray ,Anne Murray ,,Female,1980
970,2008,Award Of Merit,Merit,Annie Lennox,Annie Lennox,,,2000
965,1976,Soul/R&B Female,Female Artist,Aretha Franklin,Aretha Franklin,,Female,1970
966,1977,Soul/R&B Female,Female Artist,Aretha Franklin,Aretha Franklin,,Female,1970
967,1984,Soul/R&B Female,Female Artist,Aretha Franklin,Aretha Franklin,,Female,1980
968,1986,Soul/R&B Female,Female Artist,Aretha Franklin,Aretha Franklin,,Female,1980
969,1986,Soul/R&B Video Female,Female Artist,Aretha Franklin,Aretha Franklin,,Female,1980
964,1983,Soul/R&B Album,Album,Aretha Franklin Jump To It ,Aretha Franklin ,Jump To Itâ ,,1980
961,2016,Artist Of The Year,Artist Of The Year,Ariana Grande,Ariana Grande,,,2010
962,2013,New Artist Of The Year Presented by Kohl's,Artist_No Gender,Ariana Grande,Ariana Grande,,,2010
963,2015,Pop/Rock Female,Female Artist,Ariana Grande,Ariana Grande,,Female,2010
959,2003,Pop/Rock New Artist,Artist_No Gender,Ashanti ,Ashanti ,,,2000
960,2003,Soul/R&B New Artist,Artist_No Gender,Ashanti ,Ashanti ,,,2000
958,2003,Contemporary Inspirational,Artist_No Gender,Avalon ,Avalon ,,,2000
957,2009,Latin Music Artist,Artist_No Gender,Aventura ,Aventura ,,,2000
956,2013,Electronic Dance Music,Artist_No Gender,Avicii ,Avicii ,,,2010
953,2012,Award Of Achievement,Award Of Achievement,Award Not Given,Award Not Given,,,2010
954,2007,Soul/R&B Group,Group,Award Not Given,Award Not Given,,,2000
955,2012,Soundtrack,Soundtrack,Award Not Given,Award Not Given,,,2010
950,1998,Pop/Rock Male,Male Artist,Babyface ,Babyface ,,Male,1990
951,1995,Soul/R&B Male,Male Artist,Babyface ,Babyface ,,Male,1990
952,1998,Soul/R&B Male,Male Artist,Babyface ,Babyface ,,Male,1990
948,2000,Pop/Rock Group,Group,Backstreet Boys ,Backstreet Boys ,,,2000
949,2001,Pop/Rock Group,Group,Backstreet Boys ,Backstreet Boys ,,,2000
942,1981,Country Female,Female Artist,Barbara Mandrell ,Barbara Mandrell ,,Female,1980
943,1982,Country Female,Female Artist,Barbara Mandrell ,Barbara Mandrell ,,Female,1980
944,1983,Country Female,Female Artist,Barbara Mandrell ,Barbara Mandrell ,,Female,1980
945,1984,Country Female,Female Artist,Barbara Mandrell ,Barbara Mandrell ,,Female,1980
946,1985,Country Female,Female Artist,Barbara Mandrell ,Barbara Mandrell ,,Female,1980
947,1987,Country Female,Female Artist,Barbara Mandrell ,Barbara Mandrell ,,Female,1980
941,1980,Country Single,Single,Barbara Mandrell Sleeping Single In A Double Bed ,Barbara Mandrell ,Sleeping Single In A Double Bedâ ,,1980
940,1981,Pop/Rock Female,Female Artist,Barbra Streisand ,Barbra Streisand ,,Female,1980
937,1978,Pop/Rock Male,Male Artist,Barry Manilow ,Barry Manilow ,,Male,1970
938,1979,Pop/Rock Male,Male Artist,Barry Manilow ,Barry Manilow ,,Male,1970
939,1980,Pop/Rock Male,Male Artist,Barry Manilow ,Barry Manilow ,,Male,1980
936,1976,Soul/R&B Male,Male Artist,Barry White ,Barry White ,,Male,1970
935,1988,Award Of Merit,Merit,Beach Boys ,Beach Boys ,,,1980
932,1997,International Artist Award,Artist_No Gender,Bee Gees ,Bee Gees ,,,1990
931,1980,Pop/Rock Album,Album,Bee Gees Spirits Having Flown ,Bee Gees ,Spirits Having Flownâ ,,1980
933,1979,Pop/Rock Group,Group,Bee Gees ,Bee Gees ,,,1970
934,1980,Pop/Rock Group,Group,Bee Gees ,Bee Gees ,,,1980
928,1991,Dance New Artist,Artist_No Gender,Bell Biv Devoe ,Bell Biv Devoe ,,,1990
930,1992,Soul/R&B Group,Group,Bell Biv Devoe ,Bell Biv Devoe ,,,1990
929,1991,Soul/R&B New Artist,Artist_No Gender,Bell Biv Devoe ,Bell Biv Devoe ,,,1990
927,1980,Award Of Merit,Merit,Benny Goodman ,Benny Goodman ,,,1980
926,1975,Award Of Merit,Merit,Berry Gordy Jr. ,Berry Gordy Jr. ,,,1970
919,2017,Favorite Female Artist - Soul/R&B,Female Artist,Beyonce,Beyonce,,Female,2010
920,2007,International Artist Award,Artist_No Gender,Beyonce,Beyonce,,,2000
921,2009,Soul/R&B Female,Female Artist,Beyonce,Beyonce,,Female,2000
922,2011,Soul/R&B Female,Female Artist,Beyonce,Beyonce,,Female,2010
923,2012,Soul/R&B Female,Female Artist,Beyonce,Beyonce,,Female,2010
924,2014,Soul/R&B Female,Female Artist,Beyonce,Beyonce,,Female,2010
925,2016,Tour of the Year,Tour of the Year,Beyonce,Beyonce,,,2010
918,2014,Soul/R&B Album,Album,Beyonce Beyonce ,Beyonce ,Beyonceâ ,,2010
917,1993,Award Of Merit,Merit,Bill Graham ,Bill Graham ,,,1990
916,2001,Country New Artist,Artist_No Gender,Billy Gilman ,Billy Gilman ,,,2000
915,1999,Award Of Merit,Merit,Billy Joel ,Billy Joel ,,,1990
914,1981,Pop/Rock Album,Album,Billy Joel Glass Houses ,Billy Joel ,Glass Housesâ ,,1980
912,1987,Pop/Rock Single,Single,Billy Ocean ThereLl Be Sad Songs ,Billy Ocean ,ThereâLl Be Sad Songsâ ,,1980
913,1987,Pop/Rock Video Male,Male Artist,Billy Ocean ,Billy Ocean ,,Male,1980
911,1993,Country New Artist,Artist_No Gender,Billy Ray Cyrus ,Billy Ray Cyrus ,,,1990
910,1993,Country Single,Single,Billy Ray Cyrus Achy Breaky Heart ,Billy Ray Cyrus ,Achy Breaky Heartâ ,,1990
909,1974,Award Of Merit,Merit,Bing Crosby ,Bing Crosby ,,,1970
902,2005,Pop/Rock Group,Group,Black Eyed Peas,Black Eyed Peas,,,2000
903,2009,Pop/Rock Group,Group,Black Eyed Peas,Black Eyed Peas,,,2000
904,2010,Pop/Rock Group,Group,Black Eyed Peas,Black Eyed Peas,,,2010
905,2005,Rap/Hip-Hop Group,Group,Black Eyed Peas,Black Eyed Peas,,,2000
906,2006,Rap/Hip-Hop Group,Group,Black Eyed Peas,Black Eyed Peas,,,2000
907,2006,Soul/R&B Group,Group,Black Eyed Peas,Black Eyed Peas,,,2000
908,2009,Soul/R&B Group,Group,Black Eyed Peas,Black Eyed Peas,,,2000
901,2006,Rap/Hip-Hop Album,Album,Black Eyed Peas Monkey Business ,Black Eyed Peas ,Monkey Businessâ ,,2000
900,2016,Favorite Male Artist - Country,Male Artist,Blake Shelton,Blake Shelton,,Male,2010
899,2011,Country Male,Male Artist,Blake Shelton ,Blake Shelton ,,Male,2010
898,1986,Award Of Appreciation: Band-Aid,Award Of Appreciation,Bob Geldof,Bob Geldof,,,1980
896,1990,Pop/Rock Male,Male Artist,Bobby Brown ,Bobby Brown ,,Male,1990
895,1990,Soul/R&B Album,Album,Bobby Brown DonT Be Cruel ,Bobby Brown ,DonâT Be Cruelâ ,,1990
897,1993,Soul/R&B Male,Male Artist,Bobby Brown ,Bobby Brown ,,Male,1990
894,2004,Award Of Merit,Merit,Bon Jovi ,Bon Jovi ,,,2000
893,1988,Pop/Rock Group,Group,Bon Jovi ,Bon Jovi ,,,1980
892,2007,Rap/Hip-Hop Group,Group,Bone Thugs-N-Harmony,Bone Thugs-N-Harmony,,,2000
891,1998,Rap/Hip-Hop Artist,Artist_No Gender,Bone Thugs-N-Harmony ,Bone Thugs-N-Harmony ,,,1990
885,1993,Pop/Rock Single,Single,Boyz Ii Men End Of The Road ,Boyz Ii Men ,End Of The Roadâ ,,1990
883,1995,Pop/Rock Single,Single,Boyz Ii Men ILl Make Love To You ,Boyz Ii Men ,IâLl Make Love To Youâ ,,1990
882,1996,Soul/R&B Album,Album,Boyz Ii Men Ii ,Boyz Ii Men ,Iiâ ,,1990
887,1993,Soul/R&B Group,Group,Boyz Ii Men ,Boyz Ii Men ,,,1990
888,1995,Soul/R&B Group,Group,Boyz Ii Men ,Boyz Ii Men ,,,1990
889,1996,Soul/R&B Group,Group,Boyz Ii Men ,Boyz Ii Men ,,,1990
890,1998,Soul/R&B Group,Group,Boyz Ii Men ,Boyz Ii Men ,,,1990
886,1992,Soul/R&B New Artist,Artist_No Gender,Boyz Ii Men ,Boyz Ii Men ,,,1990
884,1995,Soul/R&B Single,Single,Boyz Ii Men ILl Make Love To You ,Boyz Ii Men ,IâLl Make Love To Youâ ,,1990
880,2008,Country Male,Male Artist,Brad Paisley ,Brad Paisley ,,Male,2000
881,2010,Country Male,Male Artist,Brad Paisley ,Brad Paisley ,,Male,2010
879,1996,Soul/R&B New Artist,Artist_No Gender,Brandy ,Brandy ,,,1990
878,2014,Country Album,Album,Brantley Gilbert Just As I Am ,Brantley Gilbert ,Just As I Amâ ,,2010
877,2001,Soul/R&B Male,Male Artist,Brian Mcknight ,Brian Mcknight ,,Male,2000
876,2000,Pop/Rock New Artist,Artist_No Gender,Britney Spears ,Britney Spears ,,,2000
871,1997,Country Group,Group,Brooks & Dunn,Brooks & Dunn,,,1990
872,2000,Country Group,Group,Brooks & Dunn,Brooks & Dunn,,,2000
873,2002,Country Group,Group,Brooks & Dunn,Brooks & Dunn,,,2000
874,2004,Country Group,Group,Brooks & Dunn,Brooks & Dunn,,,2000
875,2005,Country Group,Group,Brooks & Dunn,Brooks & Dunn,,,2000
869,1986,Pop/Rock Album,Album,Bruce Springsteen Born In The Usa ,Bruce Springsteen ,Born In The Usaâ ,,1980
870,1986,Pop/Rock Male,Male Artist,Bruce Springsteen ,Bruce Springsteen ,,Male,1980
868,1985,Pop/Rock Single,Single,Bruce Springsteen Dancing In The Dark ,Bruce Springsteen ,Dancing In The Darkâ ,,1980
867,1986,Pop/Rock Video Male,Male Artist,Bruce Sprinsteen ,Bruce Sprinsteen ,,Male,1980
863,2017,Artist Of The Year,Artist Of The Year,Bruno Mars,Bruno Mars,,,2010
865,2017,"Favorite Male Artist - Pop/Rock	",Male Artist,Bruno Mars,Bruno Mars,,Male,2010
866,2017,Favorite Male Artist - Soul/R&B,Male Artist,Bruno Mars,Bruno Mars,,Male,2010
864,2011,Pop/Rock Male,Male Artist,Bruno Mars,Bruno Mars,,Male,2010
861,2017,Favorite  Album Pop/Rock,Album,Bruno Mars 24K Magic ,Bruno Mars,24K Magicâ ,,2010
862,2017,Favorite Album Soul/R&B,Album,Bruno Mars 24K Magic ,Bruno Mars,24K Magicâ ,,2010
859,2017,Favorite Song Soul/R&B,Favorite Song,Bruno Mars Thats What I Like ,Bruno Mars,Thatâs What I Likeâ ,,2010
860,2017,Tour of the Year,Tour of the Year,Bruno Mars Thats What I Like,Bruno Mars,Thatâs What I Likeâ,,2010
858,2018,Favorite Song Soul/R&B,Favorite Song,Bruno Mars & Cardi B Finesse ,Bruno Mars & Cardi B ,Finesseâ ,,2010
857,1992,Pop/Rock Single,Single,Bryan Adams Everything I Do ,Bryan Adams ,Everything I Doâ ,,1990
856,2018,Favorite Social Artist,Artist_No Gender,BTS ,BTS ,,,2010
855,1998,Alternative Artist,Artist_No Gender,Bush ,Bush ,,,1990
851,1992,Dance Artist,Artist_No Gender,C+C Music Factory,C+C Music Factory,,,1990
852,1992,Dance New Artist,Artist_No Gender,C+C Music Factory,C+C Music Factory,,,1990
854,1992,Pop/Rock Group,Group,C+C Music Factory,C+C Music Factory,,,1990
853,1992,Pop/Rock New Artist,Artist_No Gender,C+C Music Factory,C+C Music Factory,,,1990
850,1992,Dance Single,Single,C+C Music Factory Gonna Make You Sweat,C+C Music Factory ,Gonna Make You Sweatâ,,1990
848,2014,Electronic Dance Music,Artist_No Gender,Calvin Harris,Calvin Harris,,,2010
849,2015,Electronic Dance Music,Artist_No Gender,Calvin Harris,Calvin Harris,,,2010
847,1988,Soul/R&B Group,Group,Cameo,Cameo,,,1980
846,2018,New Artist of the Year,Artist_No Gender,Camila Cabello,Camila Cabello,,,2010
843,2018,Collaboration of the Year,Collaboration of the Year,Camila Cabello ft. Young Thug Havana ,Camila Cabello ft. Young Thug ,Havanaâ ,,2010
844,2018,Favorite Music Video,Video,Camila Cabello ft. Young Thug Havana ,Camila Cabello ft. Young Thug ,Havanaâ ,,2010
845,2018,Favorite Song Pop/Rock,Favorite Song,Camila Cabello ft. Young Thug Havana ,Camila Cabello ft. Young Thug ,Havanaâ ,,2010
842,2002,Coca Cola New Music Award,Coca Cola New Music Award,Carbon Leaf ,Carbon Leaf ,,,2000
841,2018,Favorite  Artist Rap/Hip-Hop,Artist_No Gender,Cardi B ,Cardi B ,,,2010
840,2018,Favorite Song Rap/Hip-Hop,Favorite Song,Cardi B Bodak Yellow (Money Moves) ,Cardi B ,Bodak Yellow (Money Moves)â ,,2010
839,2012,Old Navy New Artist Of The Year,Artist_No Gender,Carly Rae Jepsen ,Carly Rae Jepsen ,,,2010
838,2003,Country New Artist,Artist_No Gender,Carolyn Dawn Johnson ,Carolyn Dawn Johnson ,,,2000
837,1974,"Pop/Rock Group					",Group,Carpenters,Carpenters,,,1970
829,2006,Breakthrough Artist,Artist_No Gender,Carrie Underwood,Carrie Underwood,,,2000
833,2007,Country Female,Female Artist,Carrie Underwood,Carrie Underwood,,Female,2000
834,2014,Country Female,Female Artist,Carrie Underwood,Carrie Underwood,,Female,2010
835,2015,Country Female,Female Artist,Carrie Underwood,Carrie Underwood,,Female,2010
831,2016,Favorite Female Artist - Country,Female Artist,Carrie Underwood,Carrie Underwood,,Female,2010
832,2017,Favorite Female Artist - Country,Female Artist,Carrie Underwood,Carrie Underwood,,Female,2010
830,2018,Favorite Female Artist - Country,Female Artist,Carrie Underwood,Carrie Underwood,,Female,2010
836,2007,T-Mobile Text-In Awards,T-Mobile Text-In Awards,Carrie Underwood,Carrie Underwood,,,2000
825,2007,Country Album,Album,Carrie Underwood Some Hearts ,Carrie Underwood ,Some Heartsâ ,,2000
827,2008,Country Album,Album,Carrie Underwood Carnvial Ride ,Carrie Underwood ,Carnvial Rideâ ,,2000
826,2010,Country Album,Album,Carrie Underwood Play On ,Carrie Underwood ,Play Onâ ,,2010
828,2012,Country Album,Album,Carrie Underwood Blown Away ,Carrie Underwood ,Blown Awayâ ,,2010
824,2016,Favorite Album - Country,Album,Carrie Underwood  Storyteller ,Carrie Underwood  ,Storytellerâ ,,2010
823,1974,"Country Group								",Group,Carter Family,Carter Family,,,1970
822,2007,Contemporary Inspirational,Artist_No Gender,Casting Crowns,Casting Crowns,,,2000
819,2011,Contemporary Inspirational,Artist_No Gender,Casting Crowns ,Casting Crowns ,,,2010
820,2014,Contemporary Inspirational,Artist_No Gender,Casting Crowns ,Casting Crowns ,,,2010
821,2015,Contemporary Inspirational,Artist_No Gender,Casting Crowns ,Casting Crowns ,,,2010
816,1999,Adult Contemporary Artist,Artist_No Gender,Celine Dion ,Celine Dion ,,,1990
814,2001,Adult Contemporary Artist,Artist_No Gender,Celine Dion ,Celine Dion ,,,2000
815,2003,Adult Contemporary Artist,Artist_No Gender,Celine Dion ,Celine Dion ,,,2000
817,1998,Pop/Rock Female,Female Artist,Celine Dion ,Celine Dion ,,Female,1990
818,1999,Pop/Rock Female,Female Artist,Celine Dion ,Celine Dion ,,Female,1990
811,1974,Country Male,Male Artist,Charley Pride,Charley Pride,,Male,1970
812,1974,Country Male,Male Artist,Charley Pride,Charley Pride,,Male,1970
813,1977,Country Male,Male Artist,Charley Pride,Charley Pride,,Male,1970
810,1974,Country Album,Album,Charley Pride A Sun Shiny Day ,Charley Pride ,A Sun Shiny Dayâ ,,1970
809,1975,Country Male,Male Artist,Charlie Rich ,Charlie Rich ,,Male,1970
807,1974,Country Single,Single,Charlie Rich Behind Closed Doors ,Charlie Rich ,Behind Closed Doorsâ ,,1970
805,1975,Country Single,Single,Charlie Rich The Most Beautiful Girl In The World ,Charlie Rich ,The Most Beautiful Girl In The Worldâ ,,1970
808,1974,Country Single,Single,Charlie Rich  Behind Closed Doors,Charlie Rich , Behind Closed Doors,,1970
806,1975,Pop/Rock Album,Album,Charlie Rich Behind Closed Doors ,Charlie Rich ,Behind Closed Doorsâ ,,1970
803,1977,Pop/Rock Group,Group,Chicago ,Chicago ,,,1970
804,1986,Pop/Rock Group,Group,Chicago ,Chicago ,,,1980
799,2008,Artist Of The Year,Artist Of The Year,Chris Brown,Chris Brown,,,2000
802,2016,Favorite Male Artist - Soul/R&B,Male Artist,Chris Brown,Chris Brown,,Male,2010
800,2008,Pop/Rock Male,Male Artist,Chris Brown,Chris Brown,,Male,2000
801,2008,Soul/R&B Male,Male Artist,Chris Brown,Chris Brown,,Male,2000
798,1981,Award Of Merit,Merit,Chuck Berry ,Chuck Berry ,,,1980
797,1990,Country New Artist,Artist_No Gender,Clint Black ,Clint Black ,,,1990
796,2017,Tour of the Year,Tour of the Year,Coldplay ,Coldplay ,,,2010
795,1992,Soul/R&B Single,Single,Color Me Badd I Wanna Sex You Up ,Color Me Badd ,I Wanna Sex You Upâ ,,1990
793,1979,Pop/Rock Single,Single,Commodores Three Times A Lady ,Commodores ,Three Times A Ladyâ ,,1970
794,1980,Soul/R&B Group,Group,Commodores ,Commodores ,,,1980
792,1978,Country Male,Male Artist,Conway Twitty ,Conway Twitty ,,Male,1970
790,1975,Country Group,Group,Conway Twitty & Loretta Lynn ,Conway Twitty & Loretta Lynn ,,,1970
791,1978,Country Group,Group,Conway Twitty & Loretta Lynn ,Conway Twitty & Loretta Lynn ,,,1970
789,1977,Country Group,Group,Conway Twitty With Loretta Lynn ,Conway Twitty With Loretta Lynn ,,,1970
788,1996,Rap/Hip-Hop Artist,Artist_No Gender,Coolio ,Coolio ,,,1990
787,1995,Alternative Artist,Artist_No Gender,Counting Crows ,Counting Crows ,,,1990
784,2001,Alternative Artist,Artist_No Gender,Creed ,Creed ,,,2000
785,2003,Alternative Artist,Artist_No Gender,Creed ,Creed ,,,2000
783,2001,Pop/Rock Album,Album,Creed Human Clay ,Creed ,Human Clayâ ,,2000
786,2003,Pop/Rock Group,Group,Creed ,Creed ,,,2000
779,1979,Country Female,Female Artist,Crystal Gayle ,Crystal Gayle ,,Female,1970
780,1980,Country Female,Female Artist,Crystal Gayle ,Crystal Gayle ,,Female,1980
781,1986,Country Female,Female Artist,Crystal Gayle ,Crystal Gayle ,,Female,1980
782,1986,Country Video Female,Female Artist,Crystal Gayle ,Crystal Gayle ,,Female,1980
777,1985,Pop/Rock Female,Female Artist,Cyndi Lauper ,Cyndi Lauper ,,Female,1980
778,1985,Pop/Rock Video Female,Female Artist,Cyndi Lauper ,Cyndi Lauper ,,Female,1980
775,1997,Soul/R&B New Artist,Artist_No Gender,DAngelo ,D,Angelo ,,1990
776,1992,Rap/Hip-Hop Album,Album,D.J. Jazzy Jeff & The Fresh Prince Homebase ,D.J. Jazzy Jeff & The Fresh Prince ,Homebaseâ ,,1990
774,2018,Favorite Artist - Latin,Artist_No Gender,Daddy Yankee ,Daddy Yankee ,,,2010
772,1983,Pop/Rock Group,Group,Daryl Hall & John Oates ,Daryl Hall & John Oates ,,,1980
773,1984,Pop/Rock Group,Group,Daryl Hall & John Oates ,Daryl Hall & John Oates ,,,1980
770,2007,Adult Contemporary Artist,Artist_No Gender,Daughtry,Daughtry,,,2000
771,2008,Pop/Rock Group,Group,Daughtry,Daughtry,,,2000
769,2007,Breakthrough Artist,Artist_No Gender,Daughtry ,Daughtry ,,,2000
768,2007,Pop/Rock Album,Album,Daughtry Daughtry ,Daughtry ,Daughtryâ ,,2000
767,2012,Electronic Dance Music,Artist_No Gender,David Guetta ,David Guetta ,,,2010
766,1978,Pop/Rock Single,Single,Debbie Boone You Light Up My Life ,Debbie Boone ,You Light Up My Lifeâ ,,1970
764,1989,Heavy Metal/Hard Rock Album,Album,Def Leppard Hysteria ,Def Leppard ,Hysteriaâ ,,1980
765,1989,Heavy Metal/Hard Rock Artist,Artist_No Gender,Def Leppard ,Def Leppard ,,,1980
763,1979,Soul/R&B Single,Single,Deniece Williams (Duet With Johnny Mathis) ,Deniece Williams (Duet With Johnny Mathis) ,,,1970
758,2002,Pop/Rock Album,Album,Destinys Child Survivor ,Destinys Child,Survivorâ ,,2000
759,2005,Soul/R&B Album,Album,Destinys Child Destiny Fulfilled ,Destinys Child,Destiny Fulfilledâ ,,2000
760,2001,Soul/R&B Group,Group,Destinys Child ,Destinys Child,,,2000
761,2002,Soul/R&B Group,Group,Destinys Child ,Destinys Child,,,2000
762,2005,Soul/R&B Group,Group,Destinys Child ,Destinys Child,,,2000
757,2017,Lifetime Achievement Award,Lifetime Achievement Award,Diana Ross,Diana Ross,,,2010
754,1975,Soul/R&B Female,Female Artist,Diana Ross,Diana Ross,,Female,1970
755,1981,Soul/R&B Female,Female Artist,Diana Ross,Diana Ross,,Female,1980
756,1983,Soul/R&B Female,Female Artist,Diana Ross,Diana Ross,,Female,1980
753,1974,Pop/Rock Album,Album,Diana Ross  Lady Sings The Blues,Diana Ross , Lady Sings The Blues,,1970
751,1974,Pop/Rock Album,Album,Diana Ross Lady Sings The Blues ,Diana Ross ,Lady Sings The Bluesâ ,,1970
752,1982,Pop/Rock Single,Single,Diana Ross Endless Love ,Diana Ross ,Endless Loveâ ,,1980
750,1981,Soul/R&B Single,Single,Diana Ross Upside Down ,Diana Ross ,Upside Downâ ,,1980
749,1982,Soul/R&B Single,Single,Diana Ross With Lionel Richie Endless Love ,Diana Ross With Lionel Richie ,Endless Loveâ ,,1980
748,1989,Pop/Rock Album,Album,Dirty Dancing Soundtrack ,Dirty Dancing Soundtrack ,,,1980
744,2003,Country Album,Album,Dixie Chicks Home ,Dixie Chicks ,Homeâ ,,2000
746,2001,Country Group,Group,Dixie Chicks ,Dixie Chicks ,,,2000
747,2003,Country Group,Group,Dixie Chicks ,Dixie Chicks ,,,2000
745,1999,Country New Artist,Artist_No Gender,Dixie Chicks ,Dixie Chicks ,,,1990
743,1989,Rap/Hip-Hop Album,Album,Dj Jazzy Jeff & Fresh Prince HeS The Dj  IM The Rapper ,Dj Jazzy Jeff & Fresh Prince ,HeâS The Dj  IâM The Rapperâ ,,1980
742,1989,Rap/Hip-Hop Artist,Artist_No Gender,Dj Jazzy Jeff & The Fresh Prince ,Dj Jazzy Jeff & The Fresh Prince ,,,1980
741,2017,Favorite Song Rap/Hip-Hop,Favorite Song,DJ Khaled featuring Justin Bieber  Quavo  Chance The Rapper and Lil Wayne Im The One ,DJ Khaled featuring Justin Bieber  Quavo  Chance The Rapper and Lil Wayne ,Iâm The Oneâ ,,2010
740,2000,Rap/Hip-Hop Artist,Artist_No Gender,Dmx ,Dmx ,,,2000
739,1978,Country Album,Album,Dolly Parton New Harvest  First Gathering ,Dolly Parton ,New Harvest â First Gatheringâ ,,1970
737,1984,Country Single,Single,Dolly Parton With Kenny Rogers ,Dolly Parton With Kenny Rogers ,,,1980
738,1985,Country Single,Single,Dolly Parton With Kenny Rogers ,Dolly Parton With Kenny Rogers ,,,1980
736,2001,Soul/R&B New Artist,Artist_No Gender,Donell Jones ,Donell Jones ,,,2000
730,1979,Disco Album,Album,Donna Summer Live And More ,Donna Summer ,Live And Moreâ ,,1970
733,1979,Disco Female,Female Artist,Donna Summer ,Donna Summer ,,Female,1970
731,1979,Disco Single,Single,Donna Summer Last Dance ,Donna Summer ,Last Danceâ ,,1970
734,1980,Pop/Rock Female,Female Artist,Donna Summer ,Donna Summer ,,Female,1980
732,1980,Pop/Rock Single,Single,Donna Summer Bad Girls ,Donna Summer ,Bad Girlsâ ,,1980
735,1980,Soul/R&B Female,Female Artist,Donna Summer ,Donna Summer ,,Female,1980
729,1976,Country Group,Group,Donny Osmond With Marie Osmond ,Donny Osmond With Marie Osmond ,,,1970
726,1994,Rap/Hip-Hop Artist,Artist_No Gender,Dr. Dre ,Dr. Dre ,,,1990
727,2001,Rap/Hip-Hop Artist,Artist_No Gender,Dr. Dre ,Dr. Dre ,,,2000
728,1994,Rap/Hip-Hop New Artist,Artist_No Gender,Dr. Dre ,Dr. Dre ,,,1990
724,2017,Favorite  Artist Rap/Hip-Hop,Artist_No Gender,Drake ,Drake ,,,2010
725,2016,"Favorite Artist - Rap/Hip-Hop	",Artist_No Gender,Drake ,Drake ,,,2010
722,2016,Favorite Album - Rap/Hip-Hop,Album,Drake  Views ,Drake  ,Viewsâ ,,2010
723,2016,Favorite Song - Rap/Hip-Hop,Favorite Song,Drake  Hotline Bling ,Drake  ,Hotline Blingâ ,,2010
719,1996,Adult Contemporary Artist,Artist_No Gender,Eagles ,Eagles ,,,1990
717,1977,Pop/Rock Album,Album,Eagles Their Greatest Hits 1971-1975 ,Eagles ,Their Greatest Hits 1971-1975â ,,1970
718,1996,Pop/Rock Album,Album,Eagles Hell Freezes Over ,Eagles ,Hell Freezes Overâ ,,1990
720,1981,Pop/Rock Group,Group,Eagles ,Eagles ,,,1980
721,1996,Pop/Rock Group,Group,Eagles ,Eagles ,,,1990
713,1977,Soul/R&B Group,Group,Earth  Wind & Fire ,Earth  Wind & Fire ,,,1970
714,1978,Soul/R&B Group,Group,Earth  Wind & Fire ,Earth  Wind & Fire ,,,1970
715,1979,Soul/R&B Group,Group,Earth  Wind & Fire ,Earth  Wind & Fire ,,,1970
716,1981,Soul/R&B Group,Group,Earth  Wind & Fire ,Earth  Wind & Fire ,,,1980
712,2015,Pop/Rock Male,Male Artist,Ed Sheeran ,Ed Sheeran ,,Male,2010
711,1978,Award Of Merit,Merit,Ella Fitzgerald ,Ella Fitzgerald ,,,1970
709,1998,Adult Contemporary Artist,Artist_No Gender,Elton John ,Elton John ,,,1990
710,1977,Pop/Rock Male,Male Artist,Elton John ,Elton John ,,Male,1970
708,1977,Pop/Rock Single,Single,Elton John With Kiki Dee DonT Go Breaking My Heart ,Elton John With Kiki Dee ,DonâT Go Breaking My Heartâ ,,1970
707,1987,Award Of Merit,Merit,Elvis Presley ,Elvis Presley ,,,1980
702,2003,Pop/Rock Male,Male Artist,Eminem,Eminem,,Male,2000
703,2005,Rap/Hip-Hop Male,Male Artist,Eminem,Eminem,,Male,2000
704,2006,Rap/Hip-Hop Male,Male Artist,Eminem,Eminem,,Male,2000
705,2010,Rap/Hip-Hop Male,Male Artist,Eminem,Eminem,,Male,2010
706,2003,Soul/R&B Male,Male Artist,Eminem,Eminem,,Male,2000
699,2003,Pop/Rock Album,Album,Eminem The Eminem Show ,Eminem ,The Eminem Showâ ,,2000
701,2010,Rap/Hip-Hop Album,Album,Eminem Recovery ,Eminem ,Recoveryâ ,,2010
700,2003,Soul/R&B Album,Album,Eminem The Eminem Show ,Eminem ,The Eminem Showâ ,,2000
698,1978,Soul/R&B Single,Single,Emotions Best Of My Love ,Emotions ,Best Of My Loveâ ,,1970
696,1993,Soul/R&B Album,Album,En Vogue Funky Divas ,En Vogue ,Funky Divasâ ,,1990
697,1994,Soul/R&B Group,Group,En Vogue ,En Vogue ,,,1990
688,2016,Favorite Artist - Latin,Artist_No Gender,Enrique Iglesias,Enrique Iglesias,,,2010
689,1999,Latin Music Artist,Artist_No Gender,Enrique Iglesias,Enrique Iglesias,,,1990
690,2001,Latin Music Artist,Artist_No Gender,Enrique Iglesias,Enrique Iglesias,,,2000
691,2002,Latin Music Artist,Artist_No Gender,Enrique Iglesias,Enrique Iglesias,,,2000
692,2003,Latin Music Artist,Artist_No Gender,Enrique Iglesias,Enrique Iglesias,,,2000
693,2008,Latin Music Artist,Artist_No Gender,Enrique Iglesias,Enrique Iglesias,,,2000
694,2014,Latin Music Artist,Artist_No Gender,Enrique Iglesias,Enrique Iglesias,,,2010
695,2015,Latin Music Artist,Artist_No Gender,Enrique Iglesias,Enrique Iglesias,,,2010
685,1994,Pop/Rock Male,Male Artist,Eric Clapton ,Eric Clapton ,,Male,1990
686,1997,Pop/Rock Male,Male Artist,Eric Clapton ,Eric Clapton ,,Male,1990
687,1999,Pop/Rock Male,Male Artist,Eric Clapton ,Eric Clapton ,,Male,1990
684,1998,Soul/R&B New Artist,Artist_No Gender,Erykah Badu ,Erykah Badu ,,,1990
680,2001,Country Female,Female Artist,Faith Hill,Faith Hill,,Female,2000
681,2002,Country Female,Female Artist,Faith Hill,Faith Hill,,Female,2000
682,2006,Country Female,Female Artist,Faith Hill,Faith Hill,,Female,2000
683,2001,Pop/Rock Female,Female Artist,Faith Hill,Faith Hill,,Female,2000
679,2001,Country Album,Album,Faith Hill Breathe ,Faith Hill ,Breatheâ ,,2000
678,2015,Alternative Rock,Artist_No Gender,Fall Out Boy ,Fall Out Boy ,,,2010
677,2007,Pop/Rock Female,Female Artist,Fergie ,Fergie ,,Female,2000
676,2016,Collaboration of the Year,Collaboration of the Year,Fifth Harmony Featuring Ty Dolla $ign Work From Home ,Fifth Harmony Featuring Ty Dolla $ign ,Work From Homeâ ,,2010
675,1992,Heavy Metal/Hard Rock New Artist,Artist_No Gender,Firehouse ,Firehouse ,,,1990
673,1978,Pop/Rock Album,Album,Fleetwood Mac Rumours ,Fleetwood Mac ,Rumoursâ ,,1970
674,1978,Pop/Rock Group,Group,Fleetwood Mac ,Fleetwood Mac ,,,1970
672,2014,Country Band,Artist_No Gender,Florida Georgia Line ,Florida Georgia Line ,,,2010
668,2015,Country Group,Group,Florida Georgia Line ,Florida Georgia Line ,,,2010
669,2016,Favorite Duo or Group - Country,Group,Florida Georgia Line ,Florida Georgia Line ,,,2010
670,2018,Favorite Duo or Group - Country,Group,Florida Georgia Line ,Florida Georgia Line ,,,2010
667,2015,Country Album,Album,Florida Georgia Line  Anything Goes ,Florida Georgia Line  ,Anything Goesâ ,,2010
666,2011,Alternative Artist,Artist_No Gender,Foo Fighters ,Foo Fighters ,,,2010
665,1998,Award Of Merit,Merit,Frank Sinatra ,Frank Sinatra ,,,1990
664,1989,Soul/R&B Single,Single,Freddie Jackson Nice N Slow ,Freddie Jackson ,Nice âNâ Slowâ ,,1980
663,2014,Soundtrack,Soundtrack,Frozen (Soundtrack) ,Frozen (Soundtrack) ,,,2010
652,2000,Artist Of The Decade,Artist Of The Decade,Garth Brooks ,Garth Brooks ,,,2000
653,1996,Artist Of The Year,Artist Of The Year,Garth Brooks ,Garth Brooks ,,,1990
662,2002,Award Of Merit,Merit,Garth Brooks ,Garth Brooks ,,,2000
649,1992,Country Album,Album,Garth Brooks No Fences ,Garth Brooks ,No Fencesâ ,,1990
647,1996,Country Album,Album,Garth Brooks The Hits ,Garth Brooks ,The Hitsâ ,,1990
648,1999,Country Album,Album,Garth Brooks Sevens ,Garth Brooks ,Sevensâ ,,1990
651,2000,Country Album,Album,Garth Brooks Double Live ,Garth Brooks ,Double Liveâ ,,2000
654,1992,Country Male,Male Artist,Garth Brooks ,Garth Brooks ,,Male,1990
655,1993,Country Male,Male Artist,Garth Brooks ,Garth Brooks ,,Male,1990
656,1994,Country Male,Male Artist,Garth Brooks ,Garth Brooks ,,Male,1990
657,1995,Country Male,Male Artist,Garth Brooks ,Garth Brooks ,,Male,1990
658,1996,Country Male,Male Artist,Garth Brooks ,Garth Brooks ,,Male,1990
659,1997,Country Male,Male Artist,Garth Brooks ,Garth Brooks ,,Male,1990
660,1999,Country Male,Male Artist,Garth Brooks ,Garth Brooks ,,Male,1990
661,2000,Country Male,Male Artist,Garth Brooks ,Garth Brooks ,,Male,2000
650,1991,Country Single,Single,Garth Brooks If Tomorrow Never Comes ,Garth Brooks ,If Tomorrow Never Comesâ ,,1990
646,1992,Country Single,Single,Garth Brooks The Thunder Rolls ,Garth Brooks ,The Thunder Rollsâ ,,1990
645,1993,Pop/Rock Group,Group,Genesis ,Genesis ,,,1990
644,1987,Country Video Male,Male Artist,George Jones ,George Jones ,,Male,1980
642,1989,Pop/Rock Male,Male Artist,George Michael ,George Michael ,,Male,1980
641,1989,Soul/R&B Album,Album,George Michael Faith ,George Michael ,Faithâ ,,1980
643,1989,Soul/R&B Male,Male Artist,George Michael ,George Michael ,,Male,1980
640,1991,Country Male,Male Artist,George Strait,George Strait,,Male,1990
637,1997,Country Album,Album,George Strait Blue Clear Sky ,George Strait ,Blue Clear Skyâ ,,1990
636,1998,Country Album,Album,George Strait Carrying Your Love With Me ,George Strait ,Carrying Your Love With Meâ ,,1990
638,1991,Country Male,Male Artist,George Strait ,George Strait ,,Male,1990
639,1998,Country Male,Male Artist,George Strait ,George Strait ,,Male,1990
631,1975,Pop/Rock Group,Group,Gladys Knight & The Pips ,Gladys Knight & The Pips ,,,1970
630,1975,Soul/R&B Album,Album,Gladys Knight & The Pips Imagination ,Gladys Knight & The Pips ,Imaginationâ ,,1970
632,1975,Soul/R&B Group,Group,Gladys Knight & The Pips ,Gladys Knight & The Pips ,,,1970
633,1976,Soul/R&B Group,Group,Gladys Knight & The Pips ,Gladys Knight & The Pips ,,,1970
634,1984,Soul/R&B Group,Group,Gladys Knight & The Pips ,Gladys Knight & The Pips ,,,1980
635,1989,Soul/R&B Group,Group,Gladys Knight & The Pips ,Gladys Knight & The Pips ,,,1980
629,1975,Soul/R&B Single,Single,Gladys Knight & The Pips Midnight Train To Georgia ,Gladys Knight & The Pips ,Midnight Train To Georgiaâ ,,1970
628,2010,Soundtrack,Soundtrack,Glee:The Music  Vol.3 Showstoppers ,Glee:The Music  Vol.3 Showstoppers ,,,2010
625,1977,Country Album,Album,Glen Campbell Rhinestone Cowboy ,Glen Campbell ,Rhinestone Cowboyâ ,,1970
626,1976,Country Single,Single,Glen Campbell Rhinestone Cowboy ,Glen Campbell ,Rhinestone Cowboyâ ,,1970
627,1976,Pop/Rock Single,Single,Glen Campbell Rhinestone Cowboy ,Glen Campbell ,Rhinestone Cowboyâ ,,1970
624,2000,Award Of Merit,Merit,Gloria Estefan ,Gloria Estefan ,,,2000
623,1989,Pop/Rock Group,Group,Gloria Estefan & Miami Sound Machine ,Gloria Estefan & Miami Sound Machine ,,,1980
622,2009,"T-Mobile Breakthrough Artist	",Artist_No Gender,Gloriana ,Gloriana ,,,2000
621,1979,Pop/Rock Album,Album,Grease Soundtrack ,Grease Soundtrack ,,,1970
619,2005,Alternative Artist,Artist_No Gender,Green Day ,Green Day ,,,2000
620,2009,Alternative Artist,Artist_No Gender,Green Day ,Green Day ,,,2000
618,2005,Pop/Rock Album,Album,Green Day American Idiot ,Green Day ,American Idiotâ ,,2000
616,2004,Breakthrough Artist,Artist_No Gender,Gretchen Wilson ,Gretchen Wilson ,,,2000
617,2005,Country Female,Female Artist,Gretchen Wilson ,Gretchen Wilson ,,Female,2000
613,1990,Heavy Metal Album,Album,Guns N Roses Appetite For Destruction ,Guns N Roses ,Appetite For Destructionâ ,,1990
614,1990,Heavy Metal Artist,Artist_No Gender,Guns N Roses ,Guns N Roses ,,,1990
615,1992,Heavy Metal/Hard Rock Artist,Artist_No Gender,Guns N Roses ,Guns N Roses ,,,1990
612,1989,Pop/Rock Single,Single,Guns N Roses Sweet Child O Mine ,Guns N Roses ,Sweet Child Oâ Mineâ ,,1980
611,2005,Pop/Rock Female,Female Artist,Gwen Stefani ,Gwen Stefani ,,Female,2000
610,1985,Pop/Rock Group,Group,Hall & Oates ,Hall & Oates ,,,1980
609,1986,Country Video Male,Male Artist,Hank Williams Jr. ,Hank Williams Jr. ,,Male,1980
608,1986,Award Of Appreciation: We Are The World,Award Of Appreciation,Harry Belafonte,Harry Belafonte,,,1980
607,1974,Pop/Rock Female,Female Artist,Helen Reddy ,Helen Reddy ,,Female,1970
606,2007,Soundtrack Album,Album,High School Musical Ii ,High School Musical Ii ,,,2000
605,1986,Country Group Video,Group,Highwaymen ,Highwaymen ,,,1980
604,1986,Country Single Video,Single,Highwaymen The Highwayman ,Highwaymen ,The Highwaymanâ ,,1980
603,2016,Favorite Artist - Contemporary Inspirational,Artist_No Gender,Hillsong UNITED ,Hillsong UNITED ,,,2010
602,1997,Pop/Rock Group,Group,Hootie & The Blowfish ,Hootie & The Blowfish ,,,1990
601,1996,Pop/Rock New Artist,Artist_No Gender,Hootie & The Blowfish ,Hootie & The Blowfish ,,,1990
600,2011,Sprint New Artist Of The Year,Artist_No Gender,Hot Chelle Rae ,Hot Chelle Rae ,,,2010
597,1987,Pop/Rock Group,Group,Huey Lewis & The News ,Huey Lewis & The News ,,,1980
598,1985,Pop/Rock Group Video,Group,Huey Lewis & The News ,Huey Lewis & The News ,,,1980
595,1986,Pop/Rock Single,Single,Huey Lewis & The News The Power Of Love ,Huey Lewis & The News ,The Power Of Loveâ ,,1980
596,1986,Pop/Rock Single Video,Single,Huey Lewis & The News The Power Of Love ,Huey Lewis & The News ,The Power Of Loveâ ,,1980
599,1987,Pop/Rock Video Group,Group,Huey Lewis & The News ,Huey Lewis & The News ,,,1980
593,2014,Rap/Hip-Hop Album,Album,Iggy Azalea The New Classic ,Iggy Azalea ,The New Classicâ ,,2010
594,2014,Rap/Hip-Hop Artist,Artist_No Gender,Iggy Azalea ,Iggy Azalea ,,,2010
590,2013,Alternative Artist,Artist_No Gender,Imagine Dragons ,Imagine Dragons ,,,2010
591,2014,Alternative Artist,Artist_No Gender,Imagine Dragons ,Imagine Dragons ,,,2010
592,2017,Favorite Duo or Group Pop/Rock,Group,Imagine Dragons ,Imagine Dragons ,,,2010
589,1976,Award Of Merit,Merit,Irving Berlin ,Irving Berlin ,,,1970
588,1979,Disco Male,Male Artist,Issac Hayes ,Issac Hayes ,,Male,1970
587,1992,Award Of Merit,Merit,James Brown ,James Brown ,,,1990
586,2006,Soul/R&B Male,Male Artist,Jamie Foxx ,Jamie Foxx ,,Male,2000
585,2001,Award Of Merit,Merit,Janet Jackson ,Janet Jackson ,,,2000
579,1991,Dance Artist,Artist_No Gender,Janet Jackson ,Janet Jackson ,,,1990
577,1990,Dance Single,Single,Janet Jackson Miss You Much ,Janet Jackson ,Miss You Muchâ ,,1990
580,1991,Pop/Rock Female,Female Artist,Janet Jackson ,Janet Jackson ,,Female,1990
581,2002,Pop/Rock Female,Female Artist,Janet Jackson ,Janet Jackson ,,Female,2000
575,1988,Pop/Rock/Soul/R&B Video Single,Single,Janet Jackson When I Think Of You ,Janet Jackson ,When I Think Of Youâ ,,1980
582,1991,Soul/R&B Female,Female Artist,Janet Jackson ,Janet Jackson ,,Female,1990
583,1999,Soul/R&B Female,Female Artist,Janet Jackson ,Janet Jackson ,,Female,1990
576,1987,Soul/R&B Single,Single,Janet Jackson Nasty ,Janet Jackson ,Nastyâ ,,1980
578,1990,Soul/R&B Single,Single,Janet Jackson Miss You Much ,Janet Jackson ,Miss You Muchâ ,,1990
584,1987,Soul/R&B Video Female,Female Artist,Janet Jackson ,Janet Jackson ,,Female,1980
572,2009,Rap/Hip-Hop Album,Album,Jay-Z The Blueprint 3 ,Jay-Z ,The Blueprint 3â ,,2000
573,2004,Rap/Hip-Hop Male,Male Artist,Jay-Z ,Jay-Z ,,Male,2000
574,2009,Rap/Hip-Hop Male,Male Artist,Jay-Z ,Jay-Z ,,Male,2000
570,2007,Latin Music Artist,Artist_No Gender,Jennifer Lopez ,Jennifer Lopez ,,,2000
571,2011,Latin Music Artist,Artist_No Gender,Jennifer Lopez ,Jennifer Lopez ,,,2010
569,1997,Pop/Rock New Artist,Artist_No Gender,Jewel ,Jewel ,,,1990
568,1974,Pop/Rock Male,Male Artist,Jim Croce,Jim Croce,,Male,1970
567,1983,Pop/Rock Male,Male Artist,John Cougar ,John Cougar ,,Male,1980
563,1976,Country Album,Album,John Denver Back Home Again ,John Denver ,Back Home Againâ ,,1970
564,1976,Country Male,Male Artist,John Denver ,John Denver ,,Male,1970
565,1975,Pop/Rock Male,Male Artist,John Denver ,John Denver ,,Male,1970
566,1976,Pop/Rock Male,Male Artist,John Denver ,John Denver ,,Male,1970
562,2014,Soul/R&B Male,Male Artist,John Legend ,John Legend ,,Male,2010
561,1994,Country New Artist,Artist_No Gender,John Michael Montgomery ,John Michael Montgomery ,,,1990
560,1977,Award Of Merit,Merit,Johnny Cash ,Johnny Cash ,,,1970
559,1979,Soul/R&B Single,Single,Johnny Mathis (Duet With Deniece Williams) ,Johnny Mathis (Duet With Deniece Williams) ,,,1970
558,1991,Pop/Rock Single,Single,Jon Bon Jovi Blaze Of Glory ,Jon Bon Jovi ,Blaze Of Gloryâ ,,1990
557,2008,"T-Mobile Breakthrough Artist	",Artist_No Gender,Jonas Brothers ,Jonas Brothers ,,,2000
556,2008,Adult Contemporary Artist,Artist_No Gender,Jordin Sparks ,Jordin Sparks ,,,2000
555,1987,Country Single,Single,Judds Grandpa ,Judds ,Grandpaâ ,,1980
554,2014,Single Of The Year,Single,Juicy J Featured On Katy Perry Dark House ,Juicy J Featured On Katy Perry ,Dark Houseâ ,,2010
553,1998,Latin Music Artist,Artist_No Gender,Julio Iglesias ,Julio Iglesias ,,,1990
552,2016,"Favorite Male Artist - Pop/Rock	",Male Artist,Justin Bieber,Justin Bieber,,Male,2010
547,2010,Artist Of The Year,Artist Of The Year,Justin Bieber ,Justin Bieber,,,2010
548,2012,Artist Of The Year,Artist Of The Year,Justin Bieber ,Justin Bieber,,,2010
545,2010,Pop/Rock Album,Album,Justin Bieber My World 2.0 ,Justin Bieber,My World 2.0â ,,2010
546,2012,Pop/Rock Album,Album,Justin Bieber Believe ,Justin Bieber,Believeâ ,,2010
549,2010,Pop/Rock Male,Male Artist,Justin Bieber ,Justin Bieber,,Male,2010
550,2012,Pop/Rock Male,Male Artist,Justin Bieber ,Justin Bieber,,Male,2010
551,2010,T-Mobile Text-In Awards,T-Mobile Text-In Awards,Justin Bieber ,Justin Bieber,,,2010
543,2016,Favorite Album - Pop/Rock,Album,Justin Bieber  Purpose ,Justin Bieber,Purposeâ ,,2010
544,2016,Favorite Song - Pop/Rock,Favorite Song,Justin Bieber  Love Yourself ,Justin Bieber,Love Yourselfâ ,,2010
542,2016,Tour of the Year,Tour of the Year,Justin Bieber  Sorry ,Justin Bieber,Sorryâ ,,2010
539,2007,Pop/Rock Male,Male Artist,Justin Timberlake ,Justin Timberlake ,,Male,2000
540,2013,Pop/Rock Male,Male Artist,Justin Timberlake ,Justin Timberlake ,,Male,2010
538,2007,Soul/R&B Album,Album,Justin Timberlake Futuresex/Lovesounds ,Justin Timberlake ,Futuresex/Lovesoundsâ ,,2000
537,2013,Soul/R&B Album,Album,Justin Timberlake The 20/20 Experience ,Justin Timberlake ,The 20/20 Experienceâ ,,2010
541,2013,Soul/R&B Male,Male Artist,Justin Timberlake ,Justin Timberlake ,,Male,2010
536,1999,Soul/R&B Group,Group,K-Ci & Jojo ,K-Ci & Jojo ,,,1990
535,1993,Adult Contemporary New Artist,Artist_No Gender,K.D. Lang ,K.D. Lang ,,,1990
532,2018,Favorite Album - Country,Album,Kane Brown Kane Brown ,Kane Brown ,Kane Brownâ ,,2010
534,2018,Favorite Male Artist - Country,Male Artist,Kane Brown ,Kane Brown ,,Male,2010
533,2018,Favorite Song - Country,Favorite Song,Kane Brown Heaven ,Kane Brown ,Heavenâ ,,2010
530,2008,Rap/Hip-Hop Album,Album,Kanye West Graduation ,Kanye West ,Graduationâ ,,2000
531,2008,Rap/Hip-Hop Male,Male Artist,Kanye West ,Kanye West ,,Male,2000
526,2014,Adult Contemporary Artist,Artist_No Gender,Katy Perry ,Katy Perry ,,,2010
527,2011,Award Of Achievement,Award Of Achievement,Katy Perry ,Katy Perry ,,,2010
528,2012,Pop/Rock Female,Female Artist,Katy Perry ,Katy Perry ,,Female,2010
529,2014,Pop/Rock Female,Female Artist,Katy Perry ,Katy Perry ,,Female,2010
525,2014,Single Of The Year,Single,Katy Perry Featuring Juicy J Dark Horse ,Katy Perry Featuring Juicy J ,Dark Horseâ ,,2010
524,1976,Soul/R&B Single,Single,Kc & The Sunshine Band Get Down Tonight ,Kc & The Sunshine Band ,Get Down Tonightâ ,,1970
523,1997,Soul/R&B Male,Male Artist,Keith Sweat ,Keith Sweat ,,Male,1990
521,2009,Country Male,Male Artist,Keith Urban ,Keith Urban ,,Male,2000
519,2017,Favorite Album - Country,Album,Keith Urban Ripcord ,Keith Urban ,Ripcordâ ,,2010
522,2017,Favorite Male Artist - Country,Male Artist,Keith Urban ,Keith Urban ,,Male,2010
520,2017,Favorite Song - Country,Favorite Song,Keith Urban Blue Aint Your Color ,Keith Urban ,Blue Ainât Your Colorâ ,,2010
516,2005,Adult Contemporary Artist,Artist_No Gender,Kelly Clarkson,Kelly Clarkson,,,2000
517,2006,Adult Contemporary Artist,Artist_No Gender,Kelly Clarkson,Kelly Clarkson,,,2000
518,2005,T-Mobile Text-In Awards,T-Mobile Text-In Awards,Kelly Clarkson,Kelly Clarkson,,,2000
515,2006,Pop/Rock Female,Female Artist,Kelly Clarkson ,Kelly Clarkson ,,Female,2000
514,2017,Favorite  Album Rap/Hip-Hop,Album,Kendrick Lamar DAMN. ,Kendrick Lamar ,DAMN.â ,,2010
513,2004,T-Mobile Text-In Awards,T-Mobile Text-In Awards,Kenny Chesney ,Kenny Chesney ,,,2000
512,1994,Adult Contemporary Artist,Artist_No Gender,Kenny G ,Kenny G ,,,1990
511,1983,Award Of Merit,Merit,Kenny Rogers ,Kenny Rogers ,,,1980
496,1979,Country Album,Album,Kenny Rogers Ten Years Of Gold ,Kenny Rogers ,Ten Years Of Goldâ ,,1970
495,1980,Country Album,Album,Kenny Rogers The Gambler ,Kenny Rogers ,The Gamblerâ ,,1980
501,1981,Country Album,Album,Kenny Rogers Gambler ,Kenny Rogers ,Gamblerâ ,,1980
499,1982,Country Album,Album,Kenny Rogers Greatest Hits ,Kenny Rogers ,Greatest Hitsâ ,,1980
502,1985,Country Album,Album,Kenny Rogers Eyes That See In The Dark ,Kenny Rogers ,Eyes That See In The Darkâ ,,1980
504,1979,Country Male,Male Artist,Kenny Rogers ,Kenny Rogers ,,Male,1970
505,1980,Country Male,Male Artist,Kenny Rogers ,Kenny Rogers ,,Male,1980
506,1981,Country Male,Male Artist,Kenny Rogers ,Kenny Rogers ,,Male,1980
507,1983,Country Male,Male Artist,Kenny Rogers ,Kenny Rogers ,,Male,1980
508,1985,Country Male,Male Artist,Kenny Rogers ,Kenny Rogers ,,Male,1980
497,1978,Country Single,Single,Kenny Rogers Lucille ,Kenny Rogers ,Lucilleâ ,,1970
503,1981,Country Single,Single,Kenny Rogers Coward Of The Country ,Kenny Rogers ,Coward Of The Countryâ ,,1980
498,1983,Country Single,Single,Kenny Rogers Love Will Turn You Around ,Kenny Rogers ,Love Will Turn You Aroundâ ,,1980
500,1982,Pop/Rock Album,Album,Kenny Rogers Greatest Hits ,Kenny Rogers ,Greatest Hitsâ ,,1980
509,1981,Pop/Rock Male,Male Artist,Kenny Rogers ,Kenny Rogers ,,Male,1980
510,1982,Pop/Rock Male,Male Artist,Kenny Rogers ,Kenny Rogers ,,Male,1980
493,1984,Country Single,Single,Kenny Rogers With Dolly Parton ,Kenny Rogers With Dolly Parton ,,,1980
494,1985,Country Single,Single,Kenny Rogers With Dolly Parton ,Kenny Rogers With Dolly Parton ,,,1980
492,1991,Country New Artist,Artist_No Gender,Kentucky Headhunters ,Kentucky Headhunters ,,,1990
491,2018,Favorite Male Artist - Soul/R&B,Male Artist,Khalid ,Khalid ,,Male,2010
490,2001,Pop/Rock Male,Male Artist,Kid Rock ,Kid Rock ,,Male,2000
489,1977,Pop/Rock Single,Single,Kiki Dee With Elton John DonT Go Breaking My Heart ,Kiki Dee With Elton John ,DonâT Go Breaking My Heartâ ,,1970
488,2006,Contemporary Inspirational,Artist_No Gender,Kirk Franklin,Kirk Franklin,,,2000
483,1986,Soul/R&B Album,Album,Kool & The Gang Emergency ,Kool & The Gang ,Emergencyâ ,,1980
484,1982,Soul/R&B Group,Group,Kool & The Gang ,Kool & The Gang ,,,1980
485,1983,Soul/R&B Group,Group,Kool & The Gang ,Kool & The Gang ,,,1980
486,1986,Soul/R&B Group,Group,Kool & The Gang ,Kool & The Gang ,,,1980
487,1987,Soul/R&B Video Group,Group,Kool & The Gang ,Kool & The Gang ,,,1980
481,1993,Rap/Hip-Hop New Artist,Artist_No Gender,Kris Kross ,Kris Kross ,,,1990
482,1993,Soul/R&B New Artist,Artist_No Gender,Kris Kross ,Kris Kross ,,,1990
480,2013,Country Band,Artist_No Gender,Lady Antebellum ,Lady Antebellum ,,,2010
477,2010,Country Group,Group,Lady Antebellum ,Lady Antebellum ,,,2010
478,2011,Country Group,Group,Lady Antebellum ,Lady Antebellum ,,,2010
479,2012,Country Group,Group,Lady Antebellum ,Lady Antebellum ,,,2010
475,2017,Favorite Female Artist - Pop/Rock,Female Artist,Lady Gaga ,Lady Gaga ,,Female,2010
476,2010,Pop/Rock Female,Female Artist,Lady Gaga ,Lady Gaga ,,Female,2010
474,2017,Favorite Artist - Contemporary Inspirational,Artist_No Gender,Lauren Daigle ,Lauren Daigle ,,,2010
473,2018,Favorite Artist - Contemporary Inspirational,Artist_No Gender,Lauren Daigle ,Lauren Daigle ,,,2010
470,2000,Soul/R&B Album,Album,Lauryn Hill The Miseducation Of Lauryn Hill ,Lauryn Hill ,The Miseducation Of Lauryn Hillâ ,,2000
472,2000,Soul/R&B Female,Female Artist,Lauryn Hill ,Lauryn Hill ,,Female,2000
471,1999,Soul/R&B New Artist,Artist_No Gender,Lauryn Hill ,Lauryn Hill ,,,1990
469,1997,Country New Artist,Artist_No Gender,Leann Rimes ,Leann Rimes ,,,1990
468,1995,International Artist Award,Artist_No Gender,Led Zeppelin ,Led Zeppelin ,,,1990
467,1998,Country New Artist,Artist_No Gender,Lee Ann Womack ,Lee Ann Womack ,,,1990
466,2002,Pop/Rock Male,Male Artist,Lenny Kravitz ,Lenny Kravitz ,,Male,2000
465,2002,Alternative Artist,Artist_No Gender,Limp Bizkit ,Limp Bizkit ,,,2000
462,1979,Country Single,Single,Linda Ronstadt Blue Bayou ,Linda Ronstadt ,Blue Bayouâ ,,1970
463,1978,Pop/Rock Female,Female Artist,Linda Ronstadt ,Linda Ronstadt ,,Female,1970
464,1979,Pop/Rock Female,Female Artist,Linda Ronstadt ,Linda Ronstadt ,,Female,1970
457,2004,Alternative Artist,Artist_No Gender,Linkin Park,Linkin Park,,,2000
458,2007,Alternative Artist,Artist_No Gender,Linkin Park,Linkin Park,,,2000
459,2008,Alternative Artist,Artist_No Gender,Linkin Park,Linkin Park,,,2000
460,2012,Alternative Artist,Artist_No Gender,Linkin Park,Linkin Park,,,2010
461,2017,Favorite Artist - Alternative Rock,Artist_No Gender,Linkin Park,Linkin Park,,,2010
456,1995,Pop/Rock Album,Album,Lion King (Soundtrack) ,Lion King (Soundtrack) ,,,1990
455,1996,Soundtrack Album,Album,Lion King Soundtrack ,Lion King Soundtrack ,,,1990
447,1985,Black Male,Male Artist,Lionel Richie,Lionel Richie,,Male,1980
448,1985,Black Male Video,Male Artist,Lionel Richie,Lionel Richie,,Male,1980
449,1985,Pop/Rock Male,Male Artist,Lionel Richie,Lionel Richie,,Male,1980
450,1987,Pop/Rock Male,Male Artist,Lionel Richie,Lionel Richie,,Male,1980
451,1985,Pop/Rock Video Male,Male Artist,Lionel Richie,Lionel Richie,,Male,1980
452,1983,Soul/R&B Male,Male Artist,Lionel Richie,Lionel Richie,,Male,1980
453,1987,Soul/R&B Male,Male Artist,Lionel Richie,Lionel Richie,,Male,1980
454,1987,Soul/R&B Video Male,Male Artist,Lionel Richie,Lionel Richie,,Male,1980
442,1985,Black Single Video,Single,Lionel Richie Hello ,Lionel Richie ,Helloâ ,,1980
444,1982,Pop/Rock Single,Single,Lionel Richie Endless Love ,Lionel Richie ,Endless Loveâ ,,1980
441,1983,Pop/Rock Single,Single,Lionel Richie Truly ,Lionel Richie ,Trulyâ ,,1980
443,1985,Pop/Rock Single Video,Single,Lionel Richie Hello ,Lionel Richie ,Helloâ ,,1980
445,1987,Pop/Rock Video Single,Single,Lionel Richie Dancing On The Ceiling ,Lionel Richie ,Dancing On The Ceilingâ ,,1980
446,1984,Soul/R&B Single,Single,Lionel Richie All Night Long ,Lionel Richie ,All Night Longâ ,,1980
440,1982,Soul/R&B Single,Single,Lionel Richie With Diana Ross Endless Love ,Lionel Richie With Diana Ross ,Endless Loveâ ,,1980
439,2017,Favorite Duo or Group - Country,Group,Little Big Town ,Little Big Town ,,,2010
438,1997,Award Of Merit,Merit,Little Richard ,Little Richard ,,,1990
437,1985,Award Of Merit,Merit,Loretta Lynn ,Loretta Lynn ,,,1980
435,1977,Country Female,Female Artist,Loretta Lynn ,Loretta Lynn ,,Female,1970
436,1978,Country Female,Female Artist,Loretta Lynn ,Loretta Lynn ,,Female,1970
434,1977,Country Group,Group,Loretta Lynn With Conway Twitty ,Loretta Lynn With Conway Twitty ,,,1970
433,1979,Soul/R&B Male,Male Artist,Lou Rawls ,Lou Rawls ,,Male,1970
432,1977,"Soul/R&B Single (Tie)	",Single,Lou Rawls YouLl Never Find ,Lou Rawls ,YouâLl Never Findâ ,,1970
431,2017,Favorite Song Pop/Rock,Favorite Song,Luis Fonsi and Daddy Yankee featuring Justin Bieber Despacito,Luis Fonsi and Daddy Yankee featuring Justin Bieber ,Despacitoâ,,2010
427,2012,Country Male,Male Artist,Luke Bryan ,Luke Bryan ,,Male,2010
428,2013,Country Male,Male Artist,Luke Bryan ,Luke Bryan ,,Male,2010
429,2014,Country Male,Male Artist,Luke Bryan ,Luke Bryan ,,Male,2010
430,2015,Country Male,Male Artist,Luke Bryan ,Luke Bryan ,,Male,2010
421,1988,Soul/R&B Male,Male Artist,Luther Vandross,Luther Vandross,,Male,1980
422,1990,Soul/R&B Male,Male Artist,Luther Vandross,Luther Vandross,,Male,1990
423,1992,Soul/R&B Male,Male Artist,Luther Vandross,Luther Vandross,,Male,1990
424,1994,Soul/R&B Male,Male Artist,Luther Vandross,Luther Vandross,,Male,1990
425,1996,Soul/R&B Male,Male Artist,Luther Vandross,Luther Vandross,,Male,1990
426,2002,Soul/R&B Male,Male Artist,Luther Vandross,Luther Vandross,,Male,2000
420,1992,Soul/R&B Album,Album,Luther Vandross Power Of Love ,Luther Vandross ,Power Of Loveâ ,,1990
419,1974,Country Female,Female Artist,Lynn Anderson,Lynn Anderson,,Female,1970
418,1974,Country Female,Female Artist,Lynn Anderson ,Lynn Anderson ,,Female,1970
413,1990,Rap/Hip-Hop Album,Album,M.C. Hammer LetS Get It Started ,M.C. Hammer ,LetâS Get It Startedâ ,,1990
411,1991,Rap/Hip-Hop Album,Album,M.C. Hammer Please Hammer DonT Hurt Em ,M.C. Hammer ,Please Hammer DonâT Hurt âEmâ ,,1990
414,1990,Rap/Hip-Hop Artist,Artist_No Gender,M.C. Hammer ,M.C. Hammer ,,,1990
415,1991,Rap/Hip-Hop Artist,Artist_No Gender,M.C. Hammer ,M.C. Hammer ,,,1990
416,1992,Rap/Hip-Hop Artist,Artist_No Gender,M.C. Hammer ,M.C. Hammer ,,,1990
412,1991,Soul/R&B Album,Album,M.C. Hammer Please Hammer DonT Hurt Em ,M.C. Hammer ,Please Hammer DonâT Hurt âEmâ ,,1990
417,1991,Soul/R&B Male,Male Artist,M.C. Hammer ,M.C. Hammer ,,Male,1990
410,1991,Soul/R&B Single,Single,M.C. Hammer U CanT Touch This ,M.C. Hammer ,U CanâT Touch Thisâ ,,1990
408,2013,Rap/Hip-Hop Album,Album,Macklemore & Ryan Lewis The Heist ,Macklemore & Ryan Lewis ,The Heistâ ,,2010
409,2013,Rap/Hip-Hop Artist,Artist_No Gender,Macklemore & Ryan Lewis ,Macklemore & Ryan Lewis ,,,2010
406,1991,Dance Single,Single,Madonna Vogue ,Madonna ,Vogueâ ,,1990
407,1987,Pop/Rock Video Female,Female Artist,Madonna ,Madonna ,,Female,1980
404,2004,Latin Music Artist,Artist_No Gender,Marc Anthony ,Marc Anthony ,,,2000
405,2013,Latin Music Artist,Artist_No Gender,Marc Anthony ,Marc Anthony ,,,2010
395,2000,Award Of Achievement,Award Of Achievement,Mariah Carey,Mariah Carey,,,2000
396,2008,Award Of Achievement,Award Of Achievement,Mariah Carey,Mariah Carey,,,2000
397,1993,Pop/Rock Female,Female Artist,Mariah Carey,Mariah Carey,,Female,1990
398,1995,Pop/Rock Female,Female Artist,Mariah Carey,Mariah Carey,,Female,1990
399,1996,Pop/Rock Female,Female Artist,Mariah Carey,Mariah Carey,,Female,1990
400,1992,Soul/R&B Female,Female Artist,Mariah Carey,Mariah Carey,,Female,1990
401,1996,Soul/R&B Female,Female Artist,Mariah Carey,Mariah Carey,,Female,1990
402,1998,Soul/R&B Female,Female Artist,Mariah Carey,Mariah Carey,,Female,1990
403,2005,Soul/R&B Female,Female Artist,Mariah Carey,Mariah Carey,,Female,2000
394,1993,Adult Contemporary Album,Album,Mariah Carey Unplugged ,Mariah Carey ,Unpluggedâ ,,1990
393,1976,Country Group,Group,Marie Osmond With Donny Osmond ,Marie Osmond With Donny Osmond ,,,1970
390,2013,Adult Contemporary Artist,Artist_No Gender,Maroon 5 ,Maroon 5 ,,,2010
391,2011,Pop/Rock Group,Group,Maroon 5 ,Maroon 5 ,,,2010
392,2012,Pop/Rock Group,Group,Maroon 5 ,Maroon 5 ,,,2010
389,2018,Favorite Artist Electronic Dance Music (EDM),Artist_No Gender,Marshmello ,Marshmello ,,,2010
388,2003,Country Female,Female Artist,Martina Mcbride ,Martina Mcbride ,,Female,2000
387,1983,Soul/R&B Single,Single,Marvin Gaye Sexual Healing ,Marvin Gaye ,Sexual Healingâ ,,1980
383,1998,Soul/R&B Album,Album,Mary J. Blige Share My World ,Mary J. Blige ,Share My Worldâ ,,1990
384,2006,Soul/R&B Album,Album,Mary J. Blige ,Mary J. Blige ,,,2000
385,2003,Soul/R&B Female,Female Artist,Mary J. Blige ,Mary J. Blige ,,Female,2000
386,2006,Soul/R&B Female,Female Artist,Mary J. Blige ,Mary J. Blige ,,Female,2000
382,2005,Contemporary Inspirational,Artist_No Gender,Mary Mary,Mary Mary,,,2000
381,2009,Contemporary Inspirational,Artist_No Gender,Mary Mary ,Mary Mary ,,,2000
380,1999,Rap/Hip-Hop Artist,Artist_No Gender,Master P ,Master P ,,,1990
379,2013,Contemporary Inspirational,Artist_No Gender,Matthew West ,Matthew West ,,,2010
378,1998,Soundtrack Album,Album,Men In Black (Soundtrack) ,Men In Black (Soundtrack) ,,,1990
377,2004,Contemporary Inspirational,Artist_No Gender,Mercy Me ,Mercy Me ,,,2000
376,2010,Contemporary Inspirational,Artist_No Gender,Mercyme ,Mercyme ,,,2010
375,1991,Award Of Merit,Merit,Merle Haggard ,Merle Haggard ,,,1990
373,1997,Heavy Metal Artist,Artist_No Gender,Metallica ,Metallica ,,,1990
374,1993,Heavy Metal/Hard Rock Artist,Artist_No Gender,Metallica ,Metallica ,,,1990
368,1993,Adult Contemporary Artist,Artist_No Gender,Michael Bolton,Michael Bolton,,,1990
369,1995,Adult Contemporary Artist,Artist_No Gender,Michael Bolton,Michael Bolton,,,1990
370,1992,Pop/Rock Male,Male Artist,Michael Bolton,Michael Bolton,,Male,1990
371,1993,Pop/Rock Male,Male Artist,Michael Bolton,Michael Bolton,,Male,1990
372,1995,Pop/Rock Male,Male Artist,Michael Bolton,Michael Bolton,,Male,1990
367,1992,Pop/Rock Album,Album,Michael Bolton Time  Love & Tenderness ,Michael Bolton ,Time  Love & Tendernessâ ,,1990
366,2010,Adult Contemporary Artist,Artist_No Gender,Michael Buble ,Michael Buble ,,,2010
355,2002,Artist Of The Century,Artist Of The Century,Michael Jackson,Michael Jackson,,,2000
357,1989,Award Of Achievement,Award Of Achievement,Michael Jackson,Michael Jackson,,,1980
365,1984,Award Of Merit,Merit,Michael Jackson,Michael Jackson,,,1980
356,1993,International Artist Award,Artist_No Gender,Michael Jackson,Michael Jackson,,,1990
342,1984,Pop/Rock Album,Album,Michael Jackson Thriller,Michael Jackson,Thrillerâ,,1980
350,1993,Pop/Rock Album,Album,Michael Jackson Dangerous,Michael Jackson,Dangerousâ,,1990
347,2009,Pop/Rock Album,Album,Michael Jackson Number Ones,Michael Jackson,Number Onesâ,,2000
358,1984,Pop/Rock Male,Male Artist,Michael Jackson,Michael Jackson,,Male,1980
359,1996,Pop/Rock Male,Male Artist,Michael Jackson,Michael Jackson,,Male,1990
360,2009,Pop/Rock Male,Male Artist,Michael Jackson,Michael Jackson,,Male,2000
351,1984,Pop/Rock Single,Single,Michael Jackson Billie Jean,Michael Jackson,Billie Jeanâ,,1980
352,1984,Pop/Rock Video,Video,Michael Jackson Beat It ,Michael Jackson,Beat Itâ ,,1980
345,1980,Soul/R&B Album,Album,Michael Jackson Off The Wall ,Michael Jackson,Off The Wallâ ,,1980
346,1981,Soul/R&B Album,Album,Michael Jackson Off The Wall ,Michael Jackson,Off The Wallâ ,,1980
343,1984,Soul/R&B Album,Album,Michael Jackson Thriller,Michael Jackson,Thrillerâ,,1980
348,2009,Soul/R&B Album,Album,Michael Jackson Number Ones,Michael Jackson,Number Onesâ,,2000
361,1980,Soul/R&B Male,Male Artist,Michael Jackson,Michael Jackson,,Male,1980
362,1981,Soul/R&B Male,Male Artist,Michael Jackson,Michael Jackson,,Male,1980
363,1984,Soul/R&B Male,Male Artist,Michael Jackson,Michael Jackson,,Male,1980
364,2009,Soul/R&B Male,Male Artist,Michael Jackson,Michael Jackson,,Male,2000
349,1980,Soul/R&B Single,Single,Michael Jackson DonT Stop Til You Get Enough,Michael Jackson,DonâT Stop âTil You Get Enoughâ,,1980
354,1988,Soul/R&B Single,Single,Michael Jackson Bad ,Michael Jackson,Badâ ,,1980
344,1993,Soul/R&B Single,Single,Michael Jackson Remember The Time ,Michael Jackson,Remember The Timeâ ,,1990
353,1984,Soul/R&B Video,Video,Michael Jackson Beat It,Michael Jackson,Beat Itâ,,1980
341,1992,Adult Contemporary New Artist,Artist_No Gender,Michael W. Smith ,Michael W. Smith ,,,1990
340,2018,Favorite Duo or Group Pop/Rock,Group,Migos ,Migos ,,,2010
338,1990,Pop/Rock New Artist,Artist_No Gender,Milli Vanilli ,Milli Vanilli ,,,1990
337,1990,Pop/Rock Single,Single,Milli Vanilli Girl You Know ItS True ,Milli Vanilli ,Girl You Know ItâS Trueâ ,,1990
339,1990,Soul/R&B New Artist,Artist_No Gender,Milli Vanilli ,Milli Vanilli ,,,1990
336,2001,Soundtrack Album,Album,Mission: Impossible 2 (Soundtrack) ,Mission: Impossible 2 (Soundtrack) ,,,2000
335,2005,Rap/Hip-Hop Female,Female Artist,Missy Elliot ,Missy Elliot ,,Female,2000
334,1988,Soul/R&B Video Single (Combined),Single,Mixed With Pop/Rock Video Single,Mixed With Pop/Rock Video Single,,,1980
333,1988,Soul/R&B Video Single (Combined),Single,Mixed With Pop/Rock Video Single ,Mixed With Pop/Rock Video Single ,,,1980
332,2017,Soundtrack,Soundtrack,Moana ,Moana ,,,2010
331,2003,Coca Cola New Music Award,Coca Cola New Music Award,Moe Loughran ,Moe Loughran ,,,2000
330,2000,Country New Artist,Artist_No Gender,Montgomery Gentry ,Montgomery Gentry ,,,2000
329,1991,Heavy Metal/Hard Rock Album,Album,Motley Crue Dr. Feelgood ,Motley Crue ,Dr. Feelgoodâ ,,1990
328,2010,Alternative Artist,Artist_No Gender,Muse ,Muse ,,,2010
327,2001,Internet Fans Awards,Internet Fans Awards,N Sync ,N Sync ,,,2000
326,2002,Pop/Rock Group,Group,N Sync ,N Sync ,,,2000
322,1992,Adult Contemporary Album,Album,Natalie Cole Unforgettable With Love ,Natalie Cole ,Unforgettable With Loveâ ,,1990
323,1992,Adult Contemporary Artist,Artist_No Gender,Natalie Cole ,Natalie Cole ,,,1990
324,1978,Soul/R&B Female,Female Artist,Natalie Cole ,Natalie Cole ,,Female,1970
325,1979,Soul/R&B Female,Female Artist,Natalie Cole ,Natalie Cole ,,Female,1970
321,1992,Rap/Hip-Hop New Artist,Artist_No Gender,Naughty By Nature ,Naughty By Nature ,,,1990
320,1990,Award Of Merit,Merit,Neil Diamond ,Neil Diamond ,,,1990
319,2003,Fans Choice Award,Fans Choice Award,Nelly ,Nelly ,,,2000
318,2002,Rap/Hip-Hop Artist,Artist_No Gender,Nelly ,Nelly ,,,2000
317,2013,Single Of The Year,Single,Nelly Featured On Florida Georgia Line ,Nelly Featured On Florida Georgia Line ,,,2010
315,1987,Soul/R&B Group,Group,New Edition ,New Edition ,,,1980
316,1997,Soul/R&B Group,Group,New Edition ,New Edition ,,,1990
313,1990,Pop/Rock Album,Album,New Kids On The Block Hangin Tough ,New Kids On The Block ,Hanginâ Toughâ ,,1990
314,1990,Pop/Rock Group,Group,New Kids On The Block ,New Kids On The Block ,,,1990
312,2017,New Artist of the Year,Artist_No Gender,Niall Horan ,Niall Horan ,,,2010
311,2007,Pop/Rock Group,Group,Nickelback,Nickelback,,,2000
310,2006,Pop/Rock Album,Album,Nickelback ,Nickelback ,,,2000
305,2011,Rap/Hip-Hop Album,Album,Nicki Minaj Pink Friday ,Nicki Minaj ,Pink Fridayâ ,,2010
306,2012,Rap/Hip-Hop Album,Album,Nicki Minaj Pink Friday ,Nicki Minaj ,Pink Fridayâ ,,2010
307,2015,Rap/Hip-Hop Artist,Artist_No Gender,Nicki Minaj ,Nicki Minaj ,,,2010
308,2011,Rap/Hip-Hop Favorite Artist,Artist_No Gender,Nicki Minaj ,Nicki Minaj ,,,2010
309,2012,Rap/Hip-Hop Favorite Artist,Artist_No Gender,Nicki Minaj ,Nicki Minaj ,,,2010
304,2015,Rap/Hip-Hop Album,Album,Nicki Minaj  The Pinkprint ,Nicki Minaj  ,The Pinkprintâ ,,2010
303,1995,Heavy Metal/Hard Rock Artist,Artist_No Gender,Nirvana ,Nirvana ,,,1990
301,2005,Award Of Merit,Merit,No Award Given,No Award Given,,,2000
302,2007,Award Of Merit,Merit,No Award Given,No Award Given,,,2000
299,2008,International Artist Award,Artist_No Gender,Not Given ,Not Given ,,,2000
300,2008,Soul/R&B Group,Group,Not Given ,Not Given ,,,2000
297,2009,Award Of Merit,Merit,Not Given This Year ,Not Given This Year ,,,2000
298,2011,Soundtrack,Soundtrack,Not Given This Year ,Not Given This Year ,,,2010
296,1982,Country Group,Group,Oak Ridge Boys ,Oak Ridge Boys ,,,1980
294,1975,Country Album,Album,Olivia Newton John Let Me Be There ,Olivia Newton John ,Let Me Be Thereâ ,,1970
295,1975,Pop/Rock Single,Single,Olivia Newton John I Honestly Love You ,Olivia Newton John ,I Honestly Love Youâ ,,1970
288,1975,Country Female,Female Artist,Olivia Newton-John,Olivia Newton-John,,Female,1970
289,1976,Country Female,Female Artist,Olivia Newton-John,Olivia Newton-John,,Female,1970
290,1975,Pop/Rock Female,Female Artist,Olivia Newton-John,Olivia Newton-John,,Female,1970
291,1976,Pop/Rock Female,Female Artist,Olivia Newton-John,Olivia Newton-John,,Female,1970
292,1977,Pop/Rock Female,Female Artist,Olivia Newton-John,Olivia Newton-John,,Female,1970
293,1983,Pop/Rock Female,Female Artist,Olivia Newton-John,Olivia Newton-John,,Female,1980
287,1976,Pop/Rock Album,Album,Olivia Newton-John Have You Ever Been Mellow ,Olivia Newton-John ,Have You Ever Been Mellowâ ,,1970
282,2014,Artist Of The Year,Artist Of The Year,One Direction,One Direction,,,2010
283,2015,Artist Of The Year,Artist Of The Year,One Direction,One Direction,,,2010
284,2013,Pop/Rock Group,Group,One Direction,One Direction,,,2010
285,2014,Pop/Rock Group,Group,One Direction,One Direction,,,2010
286,2015,Pop/Rock Group,Group,One Direction,One Direction,,,2010
280,2013,Pop/Rock Album,Album,One Direction Take Me Home ,One Direction ,Take Me Homeâ ,,2010
281,2014,Pop/Rock Album,Album,One Direction Midnight Memories ,One Direction ,Midnight Memoriesâ ,,2010
277,2004,Pop/Rock Group,Group,Outkast,Outkast,,,2000
278,2004,Rap/Hip-Hop Group,Group,Outkast,Outkast,,,2000
279,2003,Soul/R&B Group,Group,Outkast,Outkast,,,2000
276,2004,Rap/Hip-Hop Album,Album,Outkast Speakerboxxx/The Love Below ,Outkast ,Speakerboxxx/The Love Belowâ ,,2000
275,2018,Favorite Artist - Alternative Rock,Artist_No Gender,Panic! At The Disco,Panic! At The Disco,,,2010
272,1982,Pop/Rock Female,Female Artist,Pat Benatar,Pat Benatar,,Female,1980
273,1984,Pop/Rock Female,Female Artist,Pat Benatar,Pat Benatar,,Female,1980
274,1986,Pop/Rock Video Female,Female Artist,Pat Benatar,Pat Benatar,,Female,1980
271,1993,Soul/R&B Female,Female Artist,Patti Labelle ,Patti Labelle ,,Female,1990
270,1989,Country New Artist,Artist_No Gender,Patty Loveless ,Patty Loveless ,,,1980
269,1986,Award Of Merit,Merit,Paul Mccartney ,Paul Mccartney ,,,1980
267,1988,Pop/Rock Album,Album,Paul Simon Graceland ,Paul Simon ,Gracelandâ ,,1980
268,1988,Pop/Rock Male,Male Artist,Paul Simon ,Paul Simon ,,Male,1980
264,1990,Dance Artist,Artist_No Gender,Paula Abdul ,Paula Abdul ,,,1990
265,1990,Pop/Rock Female,Female Artist,Paula Abdul ,Paula Abdul ,,Female,1990
266,1992,Pop/Rock Female,Female Artist,Paula Abdul ,Paula Abdul ,,Female,1990
259,1996,Alternative Artist,Artist_No Gender,Pearl Jam ,Pearl Jam ,,,1990
260,1999,Alternative Artist,Artist_No Gender,Pearl Jam ,Pearl Jam ,,,1990
261,1996,Heavy Metal/Hard Rock Artist,Artist_No Gender,Pearl Jam ,Pearl Jam ,,,1990
262,1993,Heavy Metal/Hard Rock New Artist,Artist_No Gender,Pearl Jam ,Pearl Jam ,,,1990
263,1993,Pop/Rock New Artist,Artist_No Gender,Pearl Jam ,Pearl Jam ,,,1990
258,1979,Award Of Merit,Merit,Perry Como ,Perry Como ,,,1970
256,2000,Adult Contemporary Artist,Artist_No Gender,Phil Collins ,Phil Collins ,,,2000
255,1991,Pop/Rock Album,Album,Phil Collins But Seriously ,Phil Collins ,But Seriouslyâ ,,1990
257,1991,Pop/Rock Male,Male Artist,Phil Collins ,Phil Collins ,,Male,1990
254,2013,Soundtrack,Soundtrack,Pitch Perfect ,Pitch Perfect ,,,2010
253,2015,Soundtrack,Soundtrack,Pitch Perfect 2 ,Pitch Perfect 2 ,,,2010
252,2018,"Favorite Male Artist - Pop/Rock	",Male Artist,Post Malone,Post Malone,,Male,2010
251,2018,"Favorite  Album Rap/Hip-Hop				",Album,Post Malone Beerbongs & Bentleys ,Post Malone ,Beerbongs & Bentleysâ ,,2010
249,1990,Award Of Achievement,Award Of Achievement,Prince ,Prince ,,,1990
250,1995,Award Of Merit,Merit,Prince ,Prince ,,,1990
247,1985,Black Album,Album,Prince Purple Rain ,Prince ,Purple Rainâ ,,1980
246,1985,Black Single,Single,Prince When Doves Cry ,Prince ,When Doves Cryâ ,,1980
248,1985,Pop/Rock Album,Album,Prince Purple Rain ,Prince ,Purple Rainâ ,,1980
245,2016,Soundtrack,Soundtrack,Purple Rain ,Purple Rain ,,,2010
244,1981,Pop/Rock Single,Single,Queen Another One Bites The Dust ,Queen ,Another One Bites The Dustâ ,,1980
243,2005,Soul/R&B Male,Male Artist,R Kelly ,R Kelly ,,Male,2000
242,2000,Soul/R&B Male,Male Artist,R. Kelly ,R. Kelly ,,Male,2000
237,1988,Country Album,Album,Randy Travis Always & Forever ,Randy Travis ,Always & Foreverâ ,,1980
238,1989,Country Album,Album,Randy Travis Always & Forever ,Randy Travis ,Always & Foreverâ ,,1980
232,1990,Country Album,Album,Randy Travis Old 8X10 ,Randy Travis ,Old 8X10â ,,1990
239,1988,Country Male,Male Artist,Randy Travis ,Randy Travis ,,Male,1980
240,1989,Country Male,Male Artist,Randy Travis ,Randy Travis ,,Male,1980
241,1990,Country Male,Male Artist,Randy Travis ,Randy Travis ,,Male,1990
234,1988,Country Single,Single,Randy Travis Forever & Ever Amen ,Randy Travis ,Forever & Ever Amenâ ,,1980
233,1989,Country Single,Single,Randy Travis I Told You So ,Randy Travis ,I Told You Soâ ,,1980
236,1990,Country Single,Single,Randy Travis Deeper Than The Holler ,Randy Travis ,Deeper Than The Hollerâ ,,1990
235,1988,Country Video,Video,Randy Travis Forever & Ever Amen ,Randy Travis ,Forever & Ever Amenâ ,,1980
227,2006,Country Group,Group,Rascal Flatts,Rascal Flatts,,,2000
228,2007,Country Group,Group,Rascal Flatts,Rascal Flatts,,,2000
229,2008,Country Group,Group,Rascal Flatts,Rascal Flatts,,,2000
230,2009,Country Group,Group,Rascal Flatts,Rascal Flatts,,,2000
231,2006,T-Mobile Text-In Awards,T-Mobile Text-In Awards,Rascal Flatts,Rascal Flatts,,,2000
214,1988,Country Female,Female Artist,Reba Mcentire,Reba Mcentire,,Female,1980
215,1989,Country Female,Female Artist,Reba Mcentire,Reba Mcentire,,Female,1980
216,1990,Country Female,Female Artist,Reba Mcentire,Reba Mcentire,,Female,1990
217,1991,Country Female,Female Artist,Reba Mcentire,Reba Mcentire,,Female,1990
218,1991,Country Female,Female Artist,Reba Mcentire,Reba Mcentire,,Female,1990
219,1992,Country Female,Female Artist,Reba Mcentire,Reba Mcentire,,Female,1990
220,1993,Country Female,Female Artist,Reba Mcentire,Reba Mcentire,,Female,1990
221,1994,Country Female,Female Artist,Reba Mcentire,Reba Mcentire,,Female,1990
222,1995,Country Female,Female Artist,Reba Mcentire,Reba Mcentire,,Female,1990
223,1996,Country Female,Female Artist,Reba Mcentire,Reba Mcentire,,Female,1990
224,1998,Country Female,Female Artist,Reba Mcentire,Reba Mcentire,,Female,1990
225,2004,Country Female,Female Artist,Reba Mcentire,Reba Mcentire,,Female,2000
226,1987,Country Video Female,Female Artist,Reba Mcentire,Reba Mcentire,,Female,1980
211,1991,Country Album,Album,Reba Mcentire Reba Live ,Reba Mcentire ,Reba Liveâ ,,1990
213,1993,Country Album,Album,Reba Mcentire For My Broken Heart ,Reba Mcentire ,For My Broken Heartâ ,,1990
212,1995,Country Album,Album,Reba Mcentire Read My Mind ,Reba Mcentire ,Read My Mindâ ,,1990
208,2000,Alternative Artist,Artist_No Gender,Red Hot Chili Peppers,Red Hot Chili Peppers,,,2000
209,2006,Alternative Artist,Artist_No Gender,Red Hot Chili Peppers,Red Hot Chili Peppers,,,2000
210,2006,Pop/Rock Group,Group,Red Hot Chili Peppers,Red Hot Chili Peppers,,,2000
207,1982,Soul/R&B Album,Album,Rick James Street Songs ,Rick James ,Street Songsâ ,,1980
206,1983,Pop/Rock Male,Male Artist,Rick Springfield ,Rick Springfield ,,Male,1980
205,2000,Latin Music Artist,Artist_No Gender,Ricky Martin ,Ricky Martin ,,,2000
197,2016,Favorite Female Artist - Soul/R&B,Female Artist,Rihanna,Rihanna,,Female,2010
196,2018,Favorite Female Artist - Soul/R&B,Female Artist,Rihanna,Rihanna,,Female,2010
204,2013,Icon Award,Icon Award,Rihanna,Rihanna,,,2010
198,2008,Pop/Rock Female,Female Artist,Rihanna,Rihanna,,Female,2000
199,2007,Soul/R&B Female,Female Artist,Rihanna,Rihanna,,Female,2000
200,2008,Soul/R&B Female,Female Artist,Rihanna,Rihanna,,Female,2000
201,2010,Soul/R&B Female,Female Artist,Rihanna,Rihanna,,Female,2010
202,2013,Soul/R&B Female,Female Artist,Rihanna,Rihanna,,Female,2010
203,2015,Soul/R&B Female,Female Artist,Rihanna,Rihanna,,Female,2010
195,2011,Soul/R&B Album,Album,Rihanna Loud ,Rihanna ,Loudâ ,,2010
194,2012,Soul/R&B Album,Album,Rihanna Talk That Talk ,Rihanna ,Talk That Talkâ ,,2010
192,2016,Favorite Album Soul/R&B,Album,Rihanna  Anti ,Rihanna  ,Antiâ ,,2010
193,2016,Favorite Song Soul/R&B,Favorite Song,Rihanna Featuring Drake  Work ,Rihanna Featuring Drake  ,Workâ ,,2010
191,1974,Soul/R&B Female,Female Artist,Roberta Flack ,Roberta Flack ,,Female,1970
190,1994,International Artist Award,Artist_No Gender,Rod Stewart ,Rod Stewart ,,,1990
189,2002,Adult Contemporary Artist,Artist_No Gender,Sade ,Sade ,,,2000
188,2015,New Artist Of The Year Presented by Kohl's,Artist_No Gender,Sam Hunt ,Sam Hunt ,,,2010
187,2014,Pop/Rock Male,Male Artist,Sam Smith ,Sam Smith ,,Male,2010
186,2000,Pop/Rock Album,Album,Santana Supernatural ,Santana ,Supernaturalâ ,,2000
185,1979,Soul/R&B Album,Album,Saturday Night Fever Soundtrack ,Saturday Night Fever Soundtrack ,,,1970
184,2002,Soundtrack Album,Album,Save The Last Dance (Soundtrack) ,Save The Last Dance (Soundtrack) ,,,2000
183,2006,Pop/Rock Male,Male Artist,Sean Paul ,Sean Paul ,,Male,2000
182,2016,Favorite Female Artist - Pop/Rock,Female Artist,Selena Gomez ,Selena Gomez ,,Female,2010
177,2017,Favorite Artist - Latin,Artist_No Gender,Shakira ,Shakira ,,,2010
178,2005,Latin Music Artist,Artist_No Gender,Shakira ,Shakira ,,,2000
179,2006,Latin Music Artist,Artist_No Gender,Shakira ,Shakira ,,,2000
180,2010,Latin Music Artist,Artist_No Gender,Shakira ,Shakira ,,,2010
181,2012,Latin Music Artist,Artist_No Gender,Shakira ,Shakira ,,,2010
173,1997,Country Female,Female Artist,Shania Twain,Shania Twain,,Female,1990
174,1999,Country Female,Female Artist,Shania Twain,Shania Twain,,Female,1990
175,2000,Country Female,Female Artist,Shania Twain,Shania Twain,,Female,2000
172,1996,Country New Artist,Artist_No Gender,Shania Twain,Shania Twain,,,1990
176,2000,Pop/Rock Female,Female Artist,Shania Twain,Shania Twain,,Female,2000
171,2017,"Favorite Artist - Adult Contemporary	",Artist_No Gender,Shawn Mendes ,Shawn Mendes ,,,2010
170,2018,"Favorite Artist - Adult Contemporary	",Artist_No Gender,Shawn Mendes ,Shawn Mendes ,,,2010
169,2004,Adult Contemporary Artist,Artist_No Gender,Sheryl Crow,Sheryl Crow,,,2000
167,2003,Pop/Rock Female,Female Artist,Sheryl Crow ,Sheryl Crow ,,Female,2000
168,2004,Pop/Rock Female,Female Artist,Sheryl Crow ,Sheryl Crow ,,Female,2000
166,1993,Rap/Hip-Hop Artist,Artist_No Gender,Sir Mix A Lot ,Sir Mix A Lot ,,,1990
165,1990,Heavy Metal/Hard Rock New Artist,Artist_No Gender,Skid Row ,Skid Row ,,,1990
164,2015,Collaboration of the Year Un-leashed by T-Mobile,Collaboration of the Year,Skrillex & Diplo Featuring Justin Bieber  Where Are  Now ,Skrillex & Diplo Featuring Justin Bieber  ,Where Are Ã Nowâ ,,2010
163,1991,Heavy Metal/Hard Rock New Artist,Artist_No Gender,Slaughter ,Slaughter ,,,1990
162,1995,Rap/Hip-Hop Artist,Artist_No Gender,Snoop Doggy Dogg ,Snoop Doggy Dogg ,,,1990
159,1998,Pop/Rock Album,Album,Spice Girls Spice ,Spice Girls ,Spiceâ ,,1990
161,1998,Pop/Rock Group,Group,Spice Girls ,Spice Girls ,,,1990
160,1998,Pop/Rock New Artist,Artist_No Gender,Spice Girls ,Spice Girls ,,,1990
158,2003,Soundtrack Album,Album,Spider-Man (Soundtrack) ,Spider-Man (Soundtrack) ,,,2000
155,1979,Country Group,Group,Statler Brothers ,Statler Brothers ,,,1970
156,1980,Country Group,Group,Statler Brothers ,Statler Brothers ,,,1980
157,1981,Country Group,Group,Statler Brothers ,Statler Brothers ,,,1980
154,1982,Soul/R&B Female,Female Artist,Stephanie Mills ,Stephanie Mills ,,Female,1980
153,1982,Award Of Merit,Merit,Stevie Wonder,Stevie Wonder,,,1980
146,1974,Soul/R&B Male,Male Artist,Stevie Wonder,Stevie Wonder,,Male,1970
147,1975,Soul/R&B Male,Male Artist,Stevie Wonder,Stevie Wonder,,Male,1970
148,1977,Soul/R&B Male,Male Artist,Stevie Wonder,Stevie Wonder,,Male,1970
149,1978,Soul/R&B Male,Male Artist,Stevie Wonder,Stevie Wonder,,Male,1970
150,1982,Soul/R&B Male,Male Artist,Stevie Wonder,Stevie Wonder,,Male,1980
151,1986,Soul/R&B Male,Male Artist,Stevie Wonder,Stevie Wonder,,Male,1980
152,1986,Soul/R&B Video Male,Male Artist,Stevie Wonder,Stevie Wonder,,Male,1980
144,1977,Soul/R&B Album,Album,Stevie Wonder Songs In The Key Of Life ,Stevie Wonder ,Songs In The Key Of Lifeâ ,,1970
145,1978,Soul/R&B Album,Album,Stevie Wonder Songs In The Key Of Life ,Stevie Wonder ,Songs In The Key Of Lifeâ ,,1970
143,1974,Soul/R&B Single,Single,Stevie Wonder Superstition ,Stevie Wonder ,Superstitionâ ,,1970
142,2016,American Music Award of Merit,Merit,Sting ,Sting ,,,2010
140,1994,Heavy Metal/Hard Rock New Artist,Artist_No Gender,Stone Temple Pilots ,Stone Temple Pilots ,,,1990
141,1994,Pop/Rock New Artist,Artist_No Gender,Stone Temple Pilots ,Stone Temple Pilots ,,,1990
139,2005,Breakthrough Artist,Artist_No Gender,Sugarland ,Sugarland ,,,2000
137,2007,Rap/Hip-Hop Album,Album,T.I. T.I. Vs T.I.P. ,T.I. ,T.I. Vs T.I.P.â ,,2000
138,2007,Rap/Hip-Hop Male,Male Artist,T.I. ,T.I. ,,Male,2000
136,1996,Award Of Merit,Merit,Tammy Wynette ,Tammy Wynette ,,,1990
119,2009,Adult Contemporary Artist,Artist_No Gender,Taylor Swift,Taylor Swift,,,2000
120,2015,Adult Contemporary Artist,Artist_No Gender,Taylor Swift,Taylor Swift,,,2010
121,2009,Artist Of The Year,Artist Of The Year,Taylor Swift,Taylor Swift,,,2000
122,2011,Artist Of The Year,Artist Of The Year,Taylor Swift,Taylor Swift,,,2010
123,2013,Artist Of The Year,Artist Of The Year,Taylor Swift,Taylor Swift,,,2010
124,2018,Artist Of The Year,Artist Of The Year,Taylor Swift,Taylor Swift,,,2010
117,2009,Country Album,Album,Taylor Swift Fearless ,Taylor Swift,Fearlessâ ,,2000
115,2011,Country Album,Album,Taylor Swift Speak Now ,Taylor Swift,Speak Nowâ ,,2010
118,2013,Country Album,Album,Taylor Swift,Taylor Swift,,,2010
126,2008,Country Female,Female Artist,Taylor Swift,Taylor Swift,,Female,2000
127,2009,Country Female,Female Artist,Taylor Swift,Taylor Swift,,Female,2000
128,2010,Country Female,Female Artist,Taylor Swift,Taylor Swift,,Female,2010
129,2011,Country Female,Female Artist,Taylor Swift,Taylor Swift,,Female,2010
130,2012,Country Female,Female Artist,Taylor Swift,Taylor Swift,,Female,2010
131,2013,Country Female,Female Artist,Taylor Swift,Taylor Swift,,Female,2010
134,2014,Dick Clark Award For Excellence,Dick Clark Award For Excellence,Taylor Swift,Taylor Swift,,,2010
116,2018,Favorite  Album Pop/Rock,Album,Taylor Swift reputation ,Taylor Swift,reputationâ ,,2010
125,2018,Favorite Female Artist - Pop/Rock,Female Artist,Taylor Swift,Taylor Swift,,Female,2010
114,2015,Pop/Rock Album,Album,Taylor Swift  1989 ,Taylor Swift,1989â ,,2010
132,2009,Pop/Rock Female,Female Artist,Taylor Swift,Taylor Swift,,Female,2000
133,2013,Pop/Rock Female,Female Artist,Taylor Swift,Taylor Swift,,Female,2010
113,2015,Song of the Year,Song of the Year,Taylor Swift  Blank Space ,Taylor Swift,Blank Spaceâ ,,2010
135,2018,Tour of the Year,Tour of the Year,Taylor Swift,Taylor Swift,,,2010
112,1979,Soul/R&B Male,Male Artist,Teddy Pendergrass ,Teddy Pendergrass ,,Male,1970
110,1976,Soul/R&B Album,Album,Temptations A Song For You ,Temptations ,A Song For Youâ ,,1970
111,1974,Soul/R&B Group,Group,Temptations ,Temptations ,,,1970
108,2016,Favorite Artist Electronic Dance Music (EDM),Artist_No Gender,The Chainsmokers ,The Chainsmokers ,,,2010
109,2017,Favorite Artist Electronic Dance Music (EDM),Artist_No Gender,The Chainsmokers ,The Chainsmokers ,,,2010
107,1987,Country Video Single,Single,The Judds Grandpa ,The Judds ,Grandpaâ ,,1980
106,1990,Soul/R&B Group,Group,The OJays ,The O,Jays ,,1990
105,1985,Country Group Video,Group,The Oak Ridge Boys ,The Oak Ridge Boys ,,,1980
102,1985,Black Group,Group,The Pointer Sisters ,The Pointer Sisters ,,,1980
103,1985,Black Group Video,Group,The Pointer Sisters ,The Pointer Sisters ,,,1980
104,1986,Soul/R&B Video Group,Group,The Pointer Sisters ,The Pointer Sisters ,,,1980
101,1997,Alternative Artist,Artist_No Gender,The Smashing Pumpkins ,The Smashing Pumpkins ,,,1990
100,1979,Disco Group,Group,The Village People ,The Village People ,,,1970
99,2015,Soul/R&B Male,Male Artist,The Weeknd ,The Weeknd ,,Male,2010
98,2015,Soul/R&B Album,Album,The Weeknd  Beauty Behind the Madness ,The Weeknd  ,Beauty Behind the Madnessâ ,,2010
97,2008,Contemporary Inspirational,Artist_No Gender,Third Day,Third Day,,,2000
96,2008,Rap/Hip-Hop Group,Group,Three 6 Mafia ,Three 6 Mafia ,,,2000
91,2001,Country Male,Male Artist,Tim Mcgraw,Tim Mcgraw,,Male,2000
92,2002,Country Male,Male Artist,Tim Mcgraw,Tim Mcgraw,,Male,2000
93,2003,Country Male,Male Artist,Tim Mcgraw,Tim Mcgraw,,Male,2000
94,2005,Country Male,Male Artist,Tim Mcgraw,Tim Mcgraw,,Male,2000
95,2007,Country Male,Male Artist,Tim Mcgraw,Tim Mcgraw,,Male,2000
90,1995,Country New Artist,Artist_No Gender,Tim Mcgraw,Tim Mcgraw,,,1990
88,2002,Country Album,Album,Tim Mcgraw Set This Circus Down ,Tim Mcgraw ,Set This Circus Downâ ,,2000
89,2005,Country Album,Album,Tim Mcgraw Live Like You Were Dying ,Tim Mcgraw ,Live Like You Were Dyingâ ,,2000
87,2006,Country Album,Album,Tim Mcgraw Tim Mcgraw Reflected ,Tim Mcgraw ,Tim Mcgraw Reflectedâ ,,2000
86,2016,Favorite Song - Country,Favorite Song,Tim McGraw  Humble And Kind ,Tim McGraw  ,Humble And Kindâ ,,2010
83,1985,Black Female,Female Artist,Tina Turner ,Tina Turner ,,Female,1980
84,1985,Black Female Video,Female Artist,Tina Turner ,Tina Turner ,,Female,1980
85,1986,Pop/Rock Female,Female Artist,Tina Turner ,Tina Turner ,,Female,1980
82,1999,Soundtrack Album,Album,Titanic (Soundtrack) ,Titanic (Soundtrack) ,,,1990
81,2000,Soul/R&B Group,Group,Tlc ,Tlc ,,,2000
78,2004,Country Album,Album,Toby Keith ShockN YAll ,Toby Keith ,ShockâN YâAllâ ,,2000
79,2004,Country Male,Male Artist,Toby Keith ,Toby Keith ,,Male,2000
80,2006,Country Male,Male Artist,Toby Keith ,Toby Keith ,,Male,2000
77,2012,Contemporary Inspirational,Artist_No Gender,Toby Mac ,Toby Mac ,,,2010
76,1990,Dance New Artist,Artist_No Gender,Tone Loc ,Tone Loc ,,,1990
72,1994,Adult Contemporary New Artist,Artist_No Gender,Toni Braxton ,Toni Braxton ,,,1990
69,1995,Soul/R&B Album,Album,Toni Braxton Toni Braxton ,Toni Braxton ,Toni Braxtonâ ,,1990
71,1997,Soul/R&B Album,Album,Toni Braxton Secrets ,Toni Braxton ,Secretsâ ,,1990
70,2001,Soul/R&B Album,Album,Toni Braxton The Heat ,Toni Braxton ,The Heatâ ,,2000
74,1997,Soul/R&B Female,Female Artist,Toni Braxton ,Toni Braxton ,,Female,1990
75,2001,Soul/R&B Female,Female Artist,Toni Braxton ,Toni Braxton ,,Female,2000
73,1994,Soul/R&B New Artist,Artist_No Gender,Toni Braxton ,Toni Braxton ,,,1990
68,1976,Pop/Rock Group,Group,Tony Orlando & Dawn ,Tony Orlando & Dawn ,,,1970
67,1974,Pop/Rock Single,Single,Tony Orlando & Dawn Tie A Yellow Ribbon,Tony Orlando & Dawn ,Tie A Yellow Ribbonâ,,1970
66,1991,Soul/R&B Group,Group,Tony Toni Tone ,Tony Toni Tone ,,,1990
65,1989,Pop/Rock New Artist,Artist_No Gender,Tracy Chapman ,Tracy Chapman ,,,1980
64,2002,Country New Artist,Artist_No Gender,Trick Pony ,Trick Pony ,,,2000
63,1992,Country New Artist,Artist_No Gender,Trisha Yearwood ,Trisha Yearwood ,,,1990
61,2016,Favorite Artist - Alternative Rock,Artist_No Gender,Twenty One Pilots ,Twenty One Pilots ,,,2010
62,2016,Favorite Duo or Group - Pop/Rock,Group,Twenty One Pilots ,Twenty One Pilots ,,,2010
60,2009,Soundtrack Album,Album,Twilight (Soundtrack) ,Twilight (Soundtrack) ,,,2000
59,2000,Soul/R&B New Artist,Artist_No Gender,Tyrese ,Tyrese ,,,2000
58,2002,Internet Fans Awards,Internet Fans Awards,U2 ,U2 ,,,2000
53,2004,Pop/Rock Male,Male Artist,Usher,Usher,,Male,2000
54,2004,Soul/R&B Male,Male Artist,Usher,Usher,,Male,2000
55,2010,Soul/R&B Male,Male Artist,Usher,Usher,,Male,2010
56,2011,Soul/R&B Male,Male Artist,Usher,Usher,,Male,2010
57,2012,Soul/R&B Male,Male Artist,Usher,Usher,,Male,2010
51,2004,Pop/Rock Album,Album,Usher Confessions ,Usher ,Confessionsâ ,,2000
52,2004,Soul/R&B Album,Album,Usher Confessions ,Usher ,Confessionsâ ,,2000
50,2010,Soul/R&B Album,Album,Usher Raymond V Raymond ,Usher ,Raymond V Raymondâ ,,2010
49,1992,Heavy Metal/Hard Rock Album,Album,Van Halen For Unlawful Carnal Knowledge ,Van Halen ,For Unlawful Carnal Knowledgeâ ,,1990
47,1991,Pop/Rock New Artist,Artist_No Gender,Vanilla Ice ,Vanilla Ice ,,,1990
48,1991,Rap/Hip-Hop New Artist,Artist_No Gender,Vanilla Ice ,Vanilla Ice ,,,1990
46,1995,Country Single,Single,Vince Gill Whenever You Come Around ,Vince Gill ,Whenever You Come Aroundâ ,,1990
45,1997,Soundtrack Album,Album,Waiting To Exhale (Soundtrack) ,Waiting To Exhale (Soundtrack) ,,,1990
44,1986,Pop/Rock Group Video,Group,Wham ,Wham ,,,1980
23,1994,Adult Contemporary Album,Album,Whitney Houston The Bodyguard Soundtrack ,Whitney Houston,The Bodyguard Soundtrack ,,1990
34,1997,Adult Contemporary Artist,Artist_No Gender,Whitney Houston,Whitney Houston,,,1990
43,1994,Award Of Merit,Merit,Whitney Houston,Whitney Houston,,,1990
35,2009,International Artist Award,Artist_No Gender,Whitney Houston,Whitney Houston,,,2000
27,1987,Pop/Rock Album,Album,Whitney Houston Whitney Houston ,Whitney Houston,Whitney Houstonâ ,,1980
24,1994,Pop/Rock Album,Album,Whitney Houston The Bodyguard Soundtrack ,Whitney Houston,The Bodyguard Soundtrack ,,1990
36,1987,Pop/Rock Female,Female Artist,Whitney Houston,Whitney Houston,,Female,1980
37,1988,Pop/Rock Female,Female Artist,Whitney Houston,Whitney Houston,,Female,1980
38,1989,Pop/Rock Female,Female Artist,Whitney Houston,Whitney Houston,,Female,1980
39,1994,Pop/Rock Female,Female Artist,Whitney Houston,Whitney Houston,,Female,1990
32,1988,Pop/Rock Single,Single,Whitney Houston I Wanna Dance With Somebody ,Whitney Houston,I Wanna Dance With Somebodyâ ,,1980
30,1994,Pop/Rock Single,Single,Whitney Houston I Will Always Love You ,Whitney Houston,I Will Always Love Youâ ,,1990
28,1987,Soul/R&B Album,Album,Whitney Houston Whitney Houston,Whitney Houston,Whitney Houstonâ,,1980
25,1994,Soul/R&B Album,Album,Whitney Houston The Bodyguard Soundtrack ,Whitney Houston,The Bodyguard Soundtrack ,,1990
40,1987,Soul/R&B Female,Female Artist,Whitney Houston,Whitney Houston,,Female,1980
41,1989,Soul/R&B Female,Female Artist,Whitney Houston,Whitney Houston,,Female,1980
42,1994,Soul/R&B Female,Female Artist,Whitney Houston,Whitney Houston,,Female,1990
26,1986,Soul/R&B Single,Single,Whitney Houston You Give Good Love ,Whitney Houston,You Give Good Loveâ ,,1980
31,1994,Soul/R&B Single,Single,Whitney Houston I Will Always Love You ,Whitney Houston,I Will Always Love Youâ ,,1990
29,1986,Soul/R&B Video Single,Single,Whitney Houston Saving All My Love For You ,Whitney Houston,Saving All My Love For Youâ ,,1980
33,1987,Soul/R&B Video Single,Single,Whitney Houston  Greatest Of Love Of All,Whitney Houston, Greatest Of Love Of All,,1980
22,1977,"Soul/R&B Single (Tie)	",Single,Wild Cherry Play That Funky Music ,Wild Cherry ,Play That Funky Musicâ ,,1970
21,2000,Soundtrack Album,Album,Wild Wild West (Soundtrack) ,Wild Wild West (Soundtrack) ,,,2000
16,1999,Pop/Rock Album,Album,Will Smith Big Willie Style ,Will Smith ,Big Willie Styleâ ,,1990
18,2000,Pop/Rock Male,Male Artist,Will Smith ,Will Smith ,,Male,2000
19,2005,Pop/Rock Male,Male Artist,Will Smith ,Will Smith ,,Male,2000
17,1999,Soul/R&B Album,Album,Will Smith Big Willie Style ,Will Smith ,Big Willie Styleâ ,,1990
20,1999,Soul/R&B Male,Male Artist,Will Smith ,Will Smith ,,Male,1990
9,1986,Award Of Appreciation: Farm-Aid,Award Of Appreciation,Willie Nelson,Willie Nelson,,,1980
15,1989,Award Of Merit,Merit,Willie Nelson,Willie Nelson,,,1980
7,1983,Country Album,Album,Willie Nelson Always On My Mind ,Willie Nelson,Always On My Mindâ ,,1980
10,1982,Country Male,Male Artist,Willie Nelson,Willie Nelson,,Male,1980
11,1984,Country Male,Male Artist,Willie Nelson,Willie Nelson,,Male,1980
12,1986,Country Male,Male Artist,Willie Nelson,Willie Nelson,,Male,1980
13,1987,Country Male,Male Artist,Willie Nelson,Willie Nelson,,Male,1980
6,1977,Country Single,Single,Willie Nelson Blue Eyes Crying In The Rain ,Willie Nelson,Blue Eyes Crying In The Rainâ ,,1970
5,1986,Country Single,Single,Willie Nelson Forgiving You Was Easy ,Willie Nelson,Forgiving You Was Easyâ ,,1980
4,1982,Country Single (Tie),Single,Willie Nelson On The Road Again ,Willie Nelson,On The Road Againâ ,,1980
14,1985,Country Video Male,Male Artist,Willie Nelson,Willie Nelson,,Male,1980
8,1983,Pop/Rock Album,Album,Willie Nelson Always On My Mind ,Willie Nelson,Always On My Mindâ ,,1980
3,2018,Favorite Album Soul/R&B,Album,XXXTENTACION 17 ,XXXTENTACION ,17â ,,2010
2,2002,Contemporary Inspirational,Artist_No Gender,Yolanda Adams ,Yolanda Adams ,,,2000
1,1990,Rap/Hip-Hop New Artist,Artist_No Gender,Young M.C. ,Young M.C. ,,,1990
0,2016,New Artist of the Year Un-Leased by T-Mobile,Artist_No Gender,Zayn ,Zayn ,,,2010
1034,2017,Collaboration of the Year,Collaboration of the Year,Despacito Luis Fonsi ft. Daddy Yankee & Justin Bieber,,Despacitoâ Luis Fonsi ft. Daddy Yankee & Justin Bieber,,2010
1035,2018,Favorite Soundtrack,Soundtrack,Black Panther: The Album  Music From And Inspired By,,Black Panther: The Album  Music From And Inspired Byâ,,2010
1036,1999,Pop/Rock New Artist,Artist_No Gender,Nsync ,,Nsync ,,1990